"gene","baseMean","log2FoldChange","lfcSE","stat","pvalue","padj"
"ABCA13",4.71007000063164,-1.39462083084014,0.577131088386238,-2.41647150691491,0.0156717527385729,0.695486865396106
"ABCC9",102.476073019375,-1.52630223845149,0.483441142112878,-3.15716248679372,0.00159312545621621,0.624349751962977
"ADAD1",1.87924936081432,-1.99470009693869,1.00605431695329,-1.98269622556702,0.0474013714571438,0.695486865396106
"ADAM33",1.76714082926739,1.77346408823606,0.865126312496033,2.04994815510734,0.0403694903142003,0.695486865396106
"ADGRF5",3.00025967716377,-1.60232016578612,0.652859962828528,-2.45430912755629,0.0141155579082425,0.695486865396106
"ADPRHL1",3.38960737325281,2.59436087633371,0.713707697603877,3.63504679162594,0.000277930186314357,0.483656370197846
"AIMP1",31.0794748004088,1.01227089189067,0.502792949663565,2.01329571659271,0.0440835287251028,0.695486865396106
"ALAS2",9602.0145419924,-1.40042962618333,0.687732252040052,-2.03630064175291,0.0417201754360506,0.695486865396106
"ALDH1A1",14.167658847665,1.89749371252882,0.911169504101659,2.08248158436733,0.0372985032761861,0.695486865396106
"ANAPC10",5.46509660791899,-1.18900841561763,0.434829103142091,-2.73442694388626,0.00624889604948142,0.695486865396106
"ANKMY1",7.5375535356386,-1.50182053865575,0.674814508024734,-2.22553089893068,0.0260456192184762,0.695486865396106
"APOA2",6.90934123683559,1.82414003717246,0.628236773468017,2.90358685484578,0.00368914627322585,0.686922351370307
"AQP1",211.522878282127,-1.01305244243479,0.461764911581763,-2.19387055409777,0.0282447168213502,0.695486865396106
"AQP9",68.2910324205105,-1.01902741320926,0.462623700218584,-2.20271337747673,0.0276149567913554,0.695486865396106
"ARHGEF10",3.30308804861548,2.52195929917139,0.867707547152861,2.90646232990193,0.00365540909483491,0.686922351370307
"ARMH1",22.525511182062,-1.14189423924193,0.499199055111336,-2.28745272562116,0.0221694117742624,0.695486865396106
"B3GNT7",10.988526626039,1.15944203937408,0.379262130290651,3.0570994222005,0.00223490134304719,0.686922351370307
"B4GALT7",20.8002308025444,1.02966300219157,0.445392452460919,2.31181062117779,0.0207881218552454,0.695486865396106
"BEAN1",3.3086032078653,-1.31368992459461,0.538655231991693,-2.43883257150814,0.0147347933684163,0.695486865396106
"BNIP3L",29.7081579596935,-1.17206533637788,0.574109490074727,-2.04153625160477,0.0411975543770608,0.695486865396106
"C1QA",48.310882238084,1.06127483781535,0.423722678429531,2.50464488176279,0.0122574392459883,0.695486865396106
"C1QB",50.8250407774649,1.57975293184498,0.583905268006167,2.7054952548027,0.00682026226714136,0.695486865396106
"C1QC",51.4340454471424,1.07538875060361,0.446986716942468,2.4058628810261,0.0161343192308491,0.695486865396106
"C3H2orf88",5.22682900878796,-1.01972267860203,0.43888776382291,-2.32342471733499,0.0201563475551524,0.695486865396106
"C9orf72",9.96973102118739,-1.30870652212328,0.525921962888374,-2.48840439166268,0.0128317733628471,0.695486865396106
"CACNA1I",8.87292653141668,-1.8781565233175,0.562102205400181,-3.34130787119111,0.000833847048306152,0.510955404749473
"CACNA2D1",11.7105412406051,-1.21630195423338,0.46138609768178,-2.63619116472007,0.00838424826355418,0.695486865396106
"CALCRL",1.78242652234629,-2.05259334636106,0.800671837919099,-2.56358878775559,0.0103596200415591,0.695486865396106
"CAMP",7.34713578132236,-2.94765724729263,1.06330180302402,-2.77217365653809,0.00556833218974672,0.695486865396106
"CAPZA1",107.083949526753,-1.0351093551168,0.416531004167379,-2.48507156672748,0.0129525392325743,0.695486865396106
"CCDC138",6.10913124273016,-1.33473633936594,0.426257608862899,-3.13129035497228,0.00174039996441014,0.635562423366866
"CCDC28A",16.0158461924059,-1.09059901025632,0.327492104950083,-3.33015359384785,0.00086798090333148,0.510955404749473
"CCDC47",5.46319008174851,-1.06944810931509,0.425344661025218,-2.51430947020088,0.0119265726622802,0.695486865396106
"CCDC83",2.64317094733706,-1.1867731690102,0.5984317940872,-1.98313856438796,0.0473519539812218,0.695486865396106
"CD200R1",8.64894153653812,-1.59478861974843,0.548455290007558,-2.90778236404002,0.00364001564789222,0.686922351370307
"CD276",2.40996874280212,1.28334066780111,0.569634719278474,2.25291862375708,0.0242642803709558,0.695486865396106
"CDH18",1.55453850076716,-1.61369439446367,0.766318552674117,-2.10577492719259,0.0352239077514071,0.695486865396106
"CHST13",3.47238644362005,1.2780519103852,0.601889275325483,2.12340037076433,0.033720316169592,0.695486865396106
"CK1",0.941880350569184,-1.96243187836536,0.997214971696757,-1.96791257057272,0.0490780981875567,0.695486865396106
"CLEC11A",6.52529693284627,1.06536619248906,0.480662009994589,2.2164559926445,0.0266602885996909,0.695486865396106
"CLK1",39.4564453806207,-1.01700021273307,0.414547405426189,-2.45327844155124,0.0141560714703494,0.695486865396106
"CNOT7",14.3462273968157,-1.2330996797404,0.379842559523169,-3.24634417293407,0.00116897423385632,0.569184181503131
"CNTFR",0.912778777489101,2.3279770898671,1.04923120594794,2.21874556977541,0.0265040389086655,0.695486865396106
"COL2A1",5.48401299847267,-1.29628554896386,0.496699955002665,-2.60979598630506,0.00905962341658209,0.695486865396106
"COX5B",121.086778487554,-1.16505771867218,0.464665442718978,-2.50730442069218,0.0121655886060309,0.695486865396106
"CREM",3.99624648655317,-1.12857588902156,0.52700944004923,-2.14147186607536,0.0322360049074453,0.695486865396106
"CRIP1",3.74499008753767,1.17550870695708,0.484972016162453,2.42386914663405,0.0153561375262972,0.695486865396106
"CRISP2",61.8928651558273,-1.14801656512529,0.584402522464876,-1.96442780616898,0.0494805008400944,0.695486865396106
"CRYAB",7.62593946451658,1.29499421621985,0.539987424722011,2.39819328549461,0.0164761685458004,0.695486865396106
"CSTB",6.05598953586792,1.42425038875347,0.491320017980818,2.89882426245673,0.00374564771911874,0.686922351370307
"CTSG",3.07361205565714,-2.22197446490608,0.792534576181279,-2.80363094770245,0.0050530708126454,0.686922351370307
"CTXN1",3.23861877858907,1.33154678879402,0.584550710392322,2.27789781984927,0.0227326662125145,0.695486865396106
"CUNH11orf16",3.17568547686382,-2.60603238909075,0.981573051176782,-2.65495511105001,0.00793189628204278,0.695486865396106
"CUNH16orf90",0.582829373405963,2.57615988434918,1.2905147221941,1.99622665285775,0.0459092575800844,0.695486865396106
"CUNH18orf54",9.57415618553835,-1.32003308307492,0.408027137991893,-3.2351600179622,0.0012157457515444,0.572373745090731
"CUNH2orf88",121.165047310329,-1.06702374583551,0.476129336728588,-2.24103759950367,0.0250236395938874,0.695486865396106
"CUNH5orf34",9.97944249747263,-1.02663611325733,0.390608165322039,-2.62830172126821,0.00858123654222407,0.695486865396106
"CUNH8orf88",1.89724851445568,-1.96453148510896,0.778792036748534,-2.52253668811369,0.0116511795692846,0.695486865396106
"CXCL2",22.2729307123573,-1.00453994139679,0.359443377045805,-2.79470983622764,0.00519463166757601,0.686922351370307
"CXCL8",8.47570745299885,-1.29251571654269,0.484945623585634,-2.66527968019585,0.00769243181487602,0.695486865396106
"CXHXorf56",0.727773834785603,-2.10934210326901,1.04796443695434,-2.01279931731207,0.0441357457782474,0.695486865396106
"DIAPH3",12.0580930883689,-1.0060328659583,0.392622880738928,-2.56233886335131,0.0103969820950272,0.695486865396106
"DOCK8",106.919913700701,-1.30094569192211,0.483022395196768,-2.69334445950926,0.00707391431618502,0.695486865396106
"DPM3",25.799108104794,1.12964066627162,0.378888138584106,2.98146220806239,0.00286875451956413,0.686922351370307
"EEF1A2",17.5171459909181,1.65781025598933,0.624270797243308,2.65559475681065,0.00791686879810252,0.695486865396106
"EFNB2",2.98040382359898,-1.21885158176614,0.568191340180451,-2.14514283406545,0.031941428584503,0.695486865396106
"EML6",39.4762637239008,-1.01702318662335,0.271426479601234,-3.74695640645494,0.000178993178139787,0.361895163240126
"EPS8L1",3.10226153578496,1.41475254678983,0.593489597923995,2.38378659329259,0.0171355360882666,0.695486865396106
"EVI2A",7.74978680136716,-1.36494699982462,0.664892082871335,-2.05288502448412,0.0400837297582836,0.695486865396106
"EVI2B",135.330244225527,-1.2817310906483,0.449137452774788,-2.85376132123856,0.00432049778983154,0.686922351370307
"FCAMR",2.42374310098482,1.60270995543139,0.716062710380641,2.23822569196409,0.0252063410416943,0.695486865396106
"FKBP8",9542.24391453012,-1.00664824586152,0.512199668419479,-1.96534341571869,0.0493745038145024,0.695486865396106
"FKTN",12.5993407811058,-1.06245235541021,0.459939310690278,-2.30998379724421,0.0208890511760343,0.695486865396106
"GADD45G",5.18987819612105,1.11522454558055,0.43262552539938,2.57780570055598,0.00994298889243021,0.695486865396106
"GBP6",0.781742653961866,-3.02517412190011,1.08078172343796,-2.79906113907723,0.0051251432281801,0.686922351370307
"GJA9",2.74226341085794,1.86374462087215,0.71916083858331,2.59155465770852,0.00955433631338168,0.695486865396106
"GLB1L2",5.12601263045614,1.18573081266224,0.45000490900776,2.63492861728268,0.00841549790203087,0.695486865396106
"GLTPD2",4.48710512570752,1.31101957259159,0.601950307177654,2.17795315819096,0.0294095242828413,0.695486865396106
"GP1BB",33.455310957212,1.67491253510372,0.474653901163771,3.52870276847428,0.000417601885081409,0.510955404749473
"GPR21",3.01568818792238,-1.03939877559709,0.516372311658797,-2.01288634601287,0.0441265873142901,0.695486865396106
"GPR31",1.58104449603043,2.28699253673104,1.11188484867588,2.05686095952702,0.0396996022717682,0.695486865396106
"HIC1",6.1586362698159,1.04830795719541,0.496521267021818,2.11130524878272,0.0347460831923216,0.695486865396106
"HLTF",256.086289896652,-1.10210577286008,0.453766770762634,-2.42879347689519,0.0151491589431853,0.695486865396106
"HMG20A ",3.48385530661041,2.7599194236771,0.902484529457392,3.05813488607552,0.00222719300594685,0.686922351370307
"HORMAD1",2.07573078661033,-1.37026796505551,0.6896915912485,-1.98678363263066,0.0469463791649713,0.695486865396106
"HS3ST3B1",2.85470016610294,-1.26938005523401,0.580929768867716,-2.18508350451405,0.0288827244880406,0.695486865396106
"IGHA2",1496.28497813337,1.55251740838009,0.429532799342995,3.61443272959547,0.000301005956060397,0.483656370197846
"IGHG",7635.47287624967,1.02285723106513,0.402021355781108,2.5442858105828,0.0109501445505034,0.695486865396106
"IGHV4-61",185.212951493001,1.15059502873125,0.340204606177977,3.38206775521823,0.000719423978449819,0.510955404749473
"IGLL5",202.3710957082,1.02146323415005,0.3658725015329,2.79185571440983,0.00524067192177394,0.686922351370307
"IGLV3-25",593.545411702774,1.11079811904498,0.465998250651103,2.38369589905745,0.017139759280435,0.695486865396106
"IL15RA",47.0705644550943,1.01236326554172,0.494916942094554,2.04552153995226,0.0408034678401433,0.695486865396106
"IL22RA2",17.9878990607465,-1.12742336928521,0.505706948933258,-2.22940058795594,0.0257872631541887,0.695486865396106
"INPP5J",6.96472331775416,1.14337217865783,0.479191154441851,2.38604608632561,0.0170306166903965,0.695486865396106
"IPMK",60.3288278076503,-1.05218699269919,0.47493506274425,-2.21543338287025,0.026730332110293,0.695486865396106
"ITGB1BP2",4.70688671565606,-1.13579454712958,0.48163900588783,-2.35818638699313,0.0183644696659351,0.695486865396106
"KBTBD12",8.04407470702948,-1.04275435510873,0.461896523452807,-2.25754969384452,0.0239737480052126,0.695486865396106
"KEAP1",2.91575336258398,1.23144530412116,0.591630448787313,2.08144341902162,0.0373933379605825,0.695486865396106
"KEL",5.49730009156674,-1.16509182308732,0.58639717964145,-1.98686464317532,0.0469373986888787,0.695486865396106
"KLHL14",5.63528880297842,1.10632851973789,0.469900713387958,2.3543878275079,0.0185532424534181,0.695486865396106
"KLRA3",2.10186369366216,-1.9093911663456,0.754747991005263,-2.52983934916136,0.0114114763095693,0.695486865396106
"KNL1",39.1070964545909,-1.06229392971837,0.485175419402902,-2.18950484141535,0.0285601670490376,0.695486865396106
"LIPA",202.96610774196,-1.02266523199735,0.452312605472503,-2.26097000088918,0.0237611147821204,0.695486865396106
"LMAN1L",9.5254410299906,1.72078845161767,0.659857663829105,2.60781763393042,0.00911214860065265,0.695486865396106
"LOC112820762",4.84802465974815,-1.07313541282535,0.484902546849559,-2.21309502248972,0.0268910952062429,0.695486865396106
"LOC112831793",0.800654571222264,-2.25821628457382,1.07078572293349,-2.1089338755725,0.0349502896752003,0.695486865396106
"LOC113910536",0.912776547483921,-1.87711170448544,0.924665506773066,-2.03004404374967,0.0423520625350897,0.695486865396106
"LOC113917651",10.4302275606168,1.43172444608434,0.53509955468235,2.67562257070883,0.00745905928319821,0.695486865396106
"LOC113922350",0.923919816828887,-2.2703918574226,0.96157493856958,-2.36111796008327,0.0182199341096106,0.695486865396106
"LOC113924591",4.19477078623592,-1.38025516468743,0.535569083113692,-2.57717483739521,0.00996115521870627,0.695486865396106
"LOC113925780",2.00294433418764,-2.62071948775056,0.8691231418576,-3.0153603805201,0.00256674081236738,0.686922351370307
"LOC113930933",3.21018664443009,1.30907342457564,0.604522687828547,2.16546616187036,0.0303520040531643,0.695486865396106
"LOC113934084",0.87057004843807,-2.54000769364205,1.06522582277943,-2.38447814475109,0.0171033638881803,0.695486865396106
"LOC114202135",7.69973313066184,-1.09486924250996,0.504014740912368,-2.17229607318236,0.0298333380363497,0.695486865396106
"LOC114204423",3.42408873041846,-1.52209129977042,0.559714181876071,-2.71940813553915,0.00653988581187459,0.695486865396106
"LOC114217863",1.89360795605199,-1.66359550110552,0.825171259220106,-2.01606088738213,0.0437936093196789,0.695486865396106
"LOC115938096",3.34924282690491,1.14173917571643,0.569333073696748,2.00539759319264,0.0449205588140764,0.695486865396106
"LOC115940506",1.86677464532139,2.77955754866996,1.1452090525855,2.42711803787671,0.0152193032853897,0.695486865396106
"LOC116630701",0.906456853526901,2.02621759863514,0.968793840085888,2.09148480801189,0.0364846268657646,0.695486865396106
"LOC116633088",4.32317377172515,1.11695442309841,0.517416473341122,2.1587144604923,0.0308723262235548,0.695486865396106
"LOC116633899",2.68524002298645,-1.47678177775404,0.66415053479811,-2.22356484016528,0.0261777363464742,0.695486865396106
"LOC118012965",9.56786944293698,-1.39604131411921,0.555999536292723,-2.5108677669548,0.0120434800711209,0.695486865396106
"LOC118356435",0.767717132434393,-2.49434489698453,1.10596541680362,-2.25535523903948,0.0241110399326457,0.695486865396106
"LOC118518265",2.51924555770586,1.62562069438883,0.807105797316631,2.01413581688237,0.0439952760136739,0.695486865396106
"LOC118518631",2.12044880756372,-1.16005512917483,0.576640716254198,-2.01174682341273,0.0442466320505719,0.695486865396106
"LOC118518721",1.6380399089782,-1.6819833524804,0.808299823339527,-2.08089041208894,0.0374439379497662,0.695486865396106
"LOC118519169",10.121191120021,-1.3095709723943,0.545086763088495,-2.4025000441658,0.0162834325946525,0.695486865396106
"LOC118519669",1.12099625164178,2.3339940501359,1.00141548841713,2.33069497839013,0.0197694491723327,0.695486865396106
"LOC118520214",1.47414101442192,1.99329840701738,0.89573011611333,2.22533369277179,0.0260588452090351,0.695486865396106
"LOC118521655",2.59455074359311,-1.65222840387588,0.683023694992624,-2.41899134098668,0.0155636106882243,0.695486865396106
"LOC118521706",1.14001945539443,-1.78722556741645,0.887670085642077,-2.01338942961415,0.0440736767530927,0.695486865396106
"LOC118521762",1.35592379243333,-2.62625264706062,0.89200253740601,-2.94422104974936,0.00323768663090858,0.686922351370307
"LOC118522182",2.20357732090293,-1.60458883515885,0.7730221441499,-2.07573463102204,0.0379185011281998,0.695486865396106
"LOC118523442",12.6383373824881,1.47918547540343,0.41695601415196,3.54758157982665,0.000388785327172998,0.510955404749473
"LOC118524449",6.21557597562708,1.07564755724775,0.448889633598169,2.39624058284811,0.0165642141184369,0.695486865396106
"LOC118524503",4.45548440377667,-1.32544117507706,0.62688164216397,-2.11434038888376,0.0344862050833865,0.695486865396106
"LOC118524544",10.7724632733861,2.21675921939271,1.10694854121942,2.00258560976168,0.0452217857233889,0.695486865396106
"LOC118526776",32.7652916237551,-1.06523304056565,0.379420898542444,-2.80752337221742,0.00499240569310769,0.686922351370307
"LOC118526950",0.930167464880989,2.03748618672062,1.01821468033864,2.00103792065047,0.0453883034845334,0.695486865396106
"LOC118527000",1.45873924348907,-1.38666452842896,0.681707617964964,-2.03410449272731,0.0419410610970426,0.695486865396106
"LOC118527079",0.61815400832775,-2.43495329015579,1.09748462874004,-2.21866732926475,0.0265093652631702,0.695486865396106
"LOC118528272",0.786139713705954,-2.45063633540507,1.20300028095997,-2.03710370994221,0.0416396502114902,0.695486865396106
"LOC118528687",2.57448279273104,-3.73343281677172,0.921358530489103,-4.05209556673864,5.07609214072162e-05,0.135937747528525
"LOC118530464",0.614399116922685,-3.0133693121534,1.27559799595295,-2.362318945086,0.0181610100651485,0.695486865396106
"LOC118530679",2.60841778742614,-1.42277629704526,0.615215218593649,-2.31264808484038,0.020741995505776,0.695486865396106
"LOC118532100",37.6674856497688,-1.12014525946302,0.387734641732345,-2.88894810754685,0.00386532855853108,0.686922351370307
"LOC118532528",2.50814662793211,-1.22208107227403,0.564592792814168,-2.16453537457087,0.0304232847389317,0.695486865396106
"LOC118533262",3.93836466284096,-1.09021369533585,0.446988887736381,-2.43901744595231,0.0147272572445795,0.695486865396106
"LOC118533912",0.732558893353462,-2.18416868159929,1.10134805517016,-1.98317749901672,0.0473476063340786,0.695486865396106
"LOC118534381",5.89347708388825,-1.54756836459219,0.474645623134966,-3.26047115818898,0.00111227278732769,0.558499973336918
"LOC118534740",0.890322159697613,2.49353704415534,1.06496349082293,2.34142960358999,0.0192100483058234,0.695486865396106
"LOC118534774",12.8305936712122,-1.0268004802094,0.355479013289692,-2.88849817238753,0.00387086278332804,0.686922351370307
"LOC118535634",12.626410319277,4.40022566797093,1.96307233382501,2.24149950674369,0.0249937374430775,0.695486865396106
"LOC118535763",4.89656329369452,-1.10698136040561,0.434927698252928,-2.54520777787268,0.0109212731800172,0.695486865396106
"LOC118536353",4.56890754234343,-1.54256644747574,0.517534298711608,-2.98060718162242,0.00287677547345704,0.686922351370307
"LOC118536708",2.01476440271508,1.27551536966864,0.645464135276381,1.97612121256355,0.048141050450847,0.695486865396106
"LOC118536875",3.92066602333588,1.3449284952425,0.514010788898203,2.61653748187931,0.00888266114247032,0.695486865396106
"LOC118537186",2.89934175180802,1.94768802706653,0.608441513877294,3.2011096919651,0.0013689940533379,0.594513417541442
"LOC118537363",11.1338168398637,-1.30602834320385,0.447138401658433,-2.92085926496092,0.00349067472030178,0.686922351370307
"LOC118537986",4.53216302307997,-1.61800779353008,0.574018012914848,-2.81874045261034,0.0048212485251622,0.686922351370307
"LOC118538648",65.6598359497025,-1.15364754453781,0.559265174097054,-2.06279167373581,0.0391324254572495,0.695486865396106
"LOC118538868",2.36213922147187,1.82652869066703,0.710345478689521,2.57132444066047,0.0101310366661228,0.695486865396106
"LOC118538997",38.1164669367254,-1.09327888344182,0.382538262339571,-2.85795955875217,0.00426374728495857,0.686922351370307
"LOC118539268",1.21957635812768,-2.48380423537984,0.900929212209087,-2.75693606303377,0.0058345758842045,0.695486865396106
"LOC118539363",6.2347685037444,-1.20034993078055,0.578665020302904,-2.07434333969629,0.0380474354478605,0.695486865396106
"LOC118539898",6.79597871884304,-1.07170421166506,0.377574753183125,-2.83838949143213,0.00453418168999769,0.686922351370307
"LOC118539970",0.772689636689402,-2.08063463778798,1.04596055201017,-1.98920947237382,0.0466780868123076,0.695486865396106
"LOC118540196",3.3342148612346,-1.32523826122496,0.559195592024404,-2.36990112248082,0.0177928429291012,0.695486865396106
"LOC118540594",3.16094340608701,1.26435351544696,0.644877238419966,1.96061116770812,0.04992439863304,0.695486865396106
"LOC118541280",3.12110643086388,1.15901243852052,0.521661991433677,2.22176899515953,0.0262989210683843,0.695486865396106
"LOC118543269",1.49396366437736,-1.81600657162672,0.847169957809026,-2.1436154043084,0.032063715469202,0.695486865396106
"LOC118544246",5.10405999672512,-1.06764201413335,0.452276146142996,-2.36059766414432,0.0182455133642542,0.695486865396106
"LOC118545026",2.98867779442223,3.17344046604359,1.02670077817262,3.09091074391886,0.00199543606419785,0.669670884154387
"LOC118545087",1.54563613606185,-2.08237365516686,0.772438624417443,-2.69584351344075,0.00702106422633536,0.695486865396106
"LOC118545140",1.59899632521626,-1.84945148857557,0.822470380134157,-2.24865421691405,0.0245345041286605,0.695486865396106
"LOC118545940",13.5217182776835,-1.14874869301326,0.540783084109376,-2.12423192730806,0.0336507547199485,0.695486865396106
"LOC118546040",2.87883825787423,-1.21297020428349,0.535263705709345,-2.26611703977954,0.0234442182192696,0.695486865396106
"LOC118546484",0.662421805552814,-2.29131665980338,1.10976484770479,-2.06468664469078,0.0389526590507287,0.695486865396106
"LOC118552087",0.740937123139009,2.27121981078688,1.10993004821426,2.04627292903819,0.0407295255753425,0.695486865396106
"LOC118552259",1.30987842868836,-1.63372951438783,0.825815043599855,-1.9783237506381,0.0478921954230572,0.695486865396106
"LOC118552780",3.87170290713044,-1.00491609558551,0.435715350764988,-2.30635917192536,0.0210905713341926,0.695486865396106
"LOC118555024",0.899668779038576,-1.93309926599532,0.966097560552787,-2.00093587327684,0.0453993010235331,0.695486865396106
"LOC118555280",0.766869101558175,-2.98572447941805,1.47031281058115,-2.03067296831748,0.0422881802437069,0.695486865396106
"LRTM2",1.80896460322668,1.55814175539525,0.77797883169915,2.00280739257671,0.0451979660796375,0.695486865396106
"LYPD5",1.83000900860373,1.57698792296132,0.66124096536813,2.38489144737632,0.0170841616284617,0.695486865396106
"M6PR",13.6466168829417,-1.28395239974573,0.47536546173864,-2.70097956854017,0.00691355854427566,0.695486865396106
"MAP3K19",2.16778641370248,-1.58373291826582,0.702200222378479,-2.25538652337852,0.0241090779071343,0.695486865396106
"MARCHF7",36.3711244494178,-1.58084081312479,0.389568270374467,-4.05793010710351,4.95095791666591e-05,0.135937747528525
"MPO",5.81689855892969,-1.6248914262413,0.673295273124951,-2.41334150275513,0.015807001196863,0.695486865396106
"MUSTN1",1.78063931039148,1.78199322768449,0.881560004915972,2.0214088862327,0.0432374555813053,0.695486865396106
"NEURL1B",11.5219991606265,-4.49582147038669,0.738379069515971,-6.08877154837803,1.13780338663729e-09,1.8282224816488e-05
"NME3",6.78546664838731,1.36437534989901,0.523591035198697,2.60580349581662,0.00916590300549432,0.695486865396106
"NOSTRIN",3.84254868453604,-1.11952853325617,0.508631546974012,-2.20105996160984,0.0277317792438577,0.695486865396106
"NR1I3",13.951264331898,1.19651329556482,0.448847727532026,2.66574435420182,0.00768180832428526,0.695486865396106
"OLFML1",9.27061987790703,1.2644632503667,0.37976870188937,3.32956150434707,0.000869828509712553,0.510955404749473
"P3H4",8.5801246331526,1.04627090400718,0.434787449761363,2.40639628531466,0.0161107778780007,0.695486865396106
"PAQR3",8.48325156326561,-1.02802366951746,0.433108979726177,-2.37359121523503,0.0176160413290656,0.695486865396106
"PDCD1LG2",2.52757165863104,1.90158906572785,0.71843181409552,2.64686088285481,0.0081242767499554,0.695486865396106
"PDGFRB",6.81241746075132,1.04447129271327,0.403707393023425,2.58719882460183,0.00967597418599119,0.695486865396106
"PDZD11",5.90639095728897,-1.38070708108267,0.39503910829585,-3.49511491922627,0.000473857681825381,0.510955404749473
"PHVIN",27.5414965651313,1.83970602563556,0.915402504610914,2.00972360941651,0.044460449738061,0.695486865396106
"POLM",48.9592996371601,1.40457789670353,0.319125915009066,4.40132822388815,1.07590226988872e-05,0.0864379883628601
"PORCN",5.9316879103112,1.08323242186318,0.399053537331686,2.7145039963969,0.00663750994816152,0.695486865396106
"POU5F1",1.56966815397274,2.48634269136014,0.894062372994295,2.78094992750132,0.00542000962943506,0.69472412303684
"PROK2",26.7275469441508,-1.52650157586459,0.458814179566626,-3.32705841241972,0.000877679735778343,0.510955404749473
"PSMF1",35.1713662212411,-1.08086645671994,0.545967064554733,-1.97972831493316,0.0477340651365679,0.695486865396106
"PTP4A3",15.9834130575886,1.04563795820991,0.382914314320088,2.73073614410725,0.00631930425601461,0.695486865396106
"RASSF6",1.68332764188442,-1.79098051715671,0.770866007590281,-2.32333570234248,0.0201611252857331,0.695486865396106
"RBBP8NL",2.35931241086002,1.40531848634367,0.702126024748802,2.00151886813546,0.0453365024999892,0.695486865396106
"RETSAT",6.05969858131277,-1.09156312803105,0.495158341544678,-2.20447286543906,0.0274911061991615,0.695486865396106
"RHCE",583.432296329706,-1.36470163290109,0.659436013222393,-2.06949818562737,0.0384993614110946,0.695486865396106
"ROS1",23.0274237102589,-1.21397419617746,0.506084011285015,-2.3987602238115,0.0164506829391186,0.695486865396106
"RPL22L1",86.7187399335699,2.02544027517399,0.875018552012142,2.31473980810625,0.0206271757983839,0.695486865396106
"RPL31",822.244706769802,1.64480652923912,0.73356724363717,2.24220280213693,0.024948268140753,0.695486865396106
"RPS20",1054.28297453077,1.3329250999712,0.679205625302415,1.96247653187165,0.0497070302574029,0.695486865396106
"RRAD",3.60429677233208,3.56535560326447,1.01774350636417,3.50319661188653,0.000459710006420899,0.510955404749473
"SARDH",2.29621541634756,1.61531476027513,0.757309733242135,2.13296447856252,0.0329276402342726,0.695486865396106
"SARNP",19.5384271040512,-1.18679936710604,0.283157332261776,-4.19130720587824,2.7735181283717e-05,0.111412223216691
"SDA1",0.63842886797565,-2.44004895604797,1.20945608145022,-2.01747628001687,0.0436458339430657,0.695486865396106
"SERINC3",10.7965293218651,-1.00725537086608,0.481050780719124,-2.09386495404983,0.0362720119778166,0.695486865396106
"SERPINB1",37.2581106508167,-1.23765847798088,0.400516437876701,-3.09015651028509,0.00200051048291079,0.669670884154387
"SKA1",4.7902220803233,-1.08873109155302,0.483184519025466,-2.25324084006019,0.0242439676447841,0.695486865396106
"SLC15A2",5.73336211785718,-1.12376567343846,0.477841349777068,-2.35175476957517,0.0186850890173153,0.695486865396106
"SLC16A14",1.99890658408098,-1.29254550456726,0.645936275554077,-2.00104182639151,0.0453878826115135,0.695486865396106
"SLC25A48",45.3353582029776,1.26509541132584,0.53612850040646,2.35968692275587,0.0182903637398536,0.695486865396106
"SLF1",4.56604060177917,-1.17701080726484,0.491798931668183,-2.39327646213549,0.0166986532982443,0.695486865396106
"SMAD9",24.000674157891,-1.48561648463013,0.536363549749874,-2.769793893196,0.0056091774590708,0.695486865396106
"SNCA",7.25358177503513,-1.6004850530073,0.784184043772917,-2.04095590278392,0.041255210431163,0.695486865396106
"SNCB",4.49544732523647,1.26152345402802,0.636535756998958,1.98185795559335,0.0474951407762503,0.695486865396106
"SOCS1",27.4810613791608,1.17762640781262,0.515133291144754,2.28606154573244,0.0222506582460806,0.695486865396106
"SPACA9",3.66567281940604,1.46065551938692,0.638955236244812,2.28600602441464,0.0222539061195536,0.695486865396106
"SRP54",2.34961798070792,-1.43642121004715,0.671170054135922,-2.14017476077122,0.0323406460744762,0.695486865396106
"SSX2IP",2.85179727027474,-1.19782833848452,0.576483584338561,-2.07781864224091,0.0377260661282997,0.695486865396106
"SUSD2",16.963688790096,1.06380512386588,0.345030694436803,3.08321880058335,0.00204774535301099,0.671493312901644
"SUV39H2",5.32784731330722,-1.1802377210429,0.465400496773329,-2.53596145518884,0.0112139076199372,0.695486865396106
"TERB1",1.00178958690332,2.04312375240729,0.979543851469728,2.08579100296709,0.0369975587554617,0.695486865396106
"TEX33",2.81008812060016,1.11163440377811,0.541365241693307,2.05339079454212,0.0400346913820972,0.695486865396106
"TGFBR3",5.72405430363991,-1.2201698386273,0.565709115773171,-2.15688558767461,0.0310145801669725,0.695486865396106
"THAP7",2.39218382244667,1.44033753645632,0.647680585597259,2.22383929437705,0.0261592585899463,0.695486865396106
"TMEM177",24.7951174071829,1.30006577568983,0.393138103198841,3.30689334132611,0.000943368037633108,0.510955404749473
"TMEM249",5.78692593911621,1.0105022182747,0.447421877928534,2.25849979208238,0.0239145175225558,0.695486865396106
"TMEM41B",25.5127753997224,-1.05211968515392,0.334011927310872,-3.14994645138731,0.00163300390822069,0.624740638030715
"TMEM61",6.06168495181646,1.10898400529321,0.505382394357975,2.19434633591073,0.0282105207035807,0.695486865396106
"TMOD1",131.759229322525,-1.31384325299029,0.55752454243696,-2.35656577062497,0.0184448010184988,0.695486865396106
"TOM1L1",2.68819436680151,-1.25669733815774,0.52861587920177,-2.37733558071582,0.0174382153133308,0.695486865396106
"TRIM59",10.2257794175491,-1.09266431472061,0.421320791644497,-2.59342604587761,0.00950249734556209,0.695486865396106
"TTK",15.1659917208565,-1.00897102711717,0.499676415793966,-2.01924884830506,0.0434613614960415,0.695486865396106
"VIPR1",11.2319352796917,1.06073925551075,0.371077369554248,2.85853933045002,0.00425596345728851,0.686922351370307
"WDR5B",59.980299501074,-1.13200799891919,0.343555146173083,-3.29498193093251,0.000984280085452954,0.510955404749473
"XKR9",4.9401602337056,-1.24920777641255,0.550880543429325,-2.26765637543853,0.0233501587160023,0.695486865396106
"ZNF503",4.96251915176314,1.201737114219,0.504548328556521,2.38180774011696,0.0172278893470564,0.695486865396106
"ZNF589",1.06413200337806,-2.26466330004096,1.06144740583275,-2.13356148179969,0.032878693837076,0.695486865396106
"ZNF648",21.0617398496273,-1.49860235888694,0.355970150377938,-4.20991017728832,2.55472235702484e-05,0.111412223216691
"ZSCAN10",14.1532906896916,1.36216199809502,0.512608992127983,2.65731194538806,0.00787665215680117,0.695486865396106
