gene,symbol
LOC118548820,A2ML1
LOC118555643,AARE
LOC116626934,AARSD1
LOC118537794,AARSD1
LOC118524663,ABHD14A
LOC118530932,ACAD11
LOC118555134,ACADM
LOC118528398,ACAP2
LOC118529863,ACER3
LOC118551804,ACOT1
LOC118551723,ACRBP
LOC118532907,ACSM4
LOC118555292,ACTA1
LOC118523459,ACTG1
LOC118001457,ADCY10
LOC118532360,ADCY10
LOC113918692,ADGRE2
LOC118535416,ADGRE2
LOC118535425,ADGRE2
LOC118518963,ADGRE4P
LOC118518130,ADNP
LOC118530987,AEPEP
LOC118543400,AFAP1
LOC118553299,AFAP1
LOC118541627,AFF2
LOC118542095,AFF2
LOC118554598,AFF2
LOC118547519,AFF3
LOC118521642,AFF4
LOC118524873,AFG1L
LOC118552952,AFG3L1
LOC116623001,AFG3L2
LOC118019695,AGO1
LOC118545714,AGO1
LOC118545718,AGO4
LOC118518327,AGTRAP
LOC118550347,AHSP
LOC118519864,AIP
LOC118527262,AKAP17A
LOC118527100,AKIRIN1
LOC118550442,AKR7A2
LOC118533954,AKT3
LOC118528985,AKTIP
LOC118529580,ALG10
LOC118529085,ALG13
LOC118526582,ALMS1
LOC118549511,ALOX5
LOC118553067,ALOX5
LOC118540494,ALOX5AP
LOC118554438,AMBP
LOC118538201,ANGEL2
LOC118539011,ANKH
LOC118545979,ANKH
LOC116645277,ANKHD1
LOC118528561,ANKRD13A 
LOC118555670,ANKRD44
LOC118521405,ANPEP
LOC118548336,ANTXRL
LOC118549640,ANXA7
LOC118527468,ANXA8
LOC118537785,AOC3
LOC118537113,AP1B1
LOC118528128,AP1S2
LOC118529681,AP3B1
LOC116624196,AP3S2
LOC118535746,APBB1
LOC118544966,APIP
LOC118546931,APMAP
LOC118527022,APOBEC3G
LOC118527030,APOBEC3G
LOC118540832,APOL2
LOC118540834,APOL3
LOC118540835,APOL3
LOC118554958,APOOL
LOC118539188,ARF4
LOC118540081,ARFGEF2
LOC118553828,ARFGEF2
LOC118518368,ARHGAP24
LOC118548217,ARHGAP24
LOC118540095,ARHGAP26
LOC118531856,ARHGAP32
LOC115944574,ARHGEF11
LOC118522967,ARHGEF6
LOC118001829,ARID1B
LOC118546791,ARID4B
LOC118525875,ARL14EP
LOC118554839,ARL6IP1
LOC118552001,ARL8B
LOC116623100,ARMCX1
LOC118540908,ARMCX6
LOC118540127,ARPC1A
LOC118538968,ARPC3
LOC118543419,ARPC3
LOC118527839,ART1
LOC116636302,ASB3
LOC118520797,ASB9
LOC118543315,ASC1
LOC116649173,ASGR1
LOC118519064,ASGR1
LOC118519827,ASH1L
LOC102728276,ASPH
LOC118534901,ATAD2
LOC118543518,ATAD2B
LOC118554306,ATAD2B
LOC116629217,ATAD3
LOC118534063,ATAD3
LOC118008782,ATF7
LOC118555789,ATF7
LOC113921374,ATF7IP
LOC118546257,ATM
LOC118529077,ATP11C
LOC118551825,ATP11C
LOC118542808,ATP1A3
LOC118533746,ATP2A2
LOC118536969,ATP2B3
LOC118541634,ATP5F1A
LOC118548971,ATP5PD
LOC118551440,ATP6V0A1
LOC118535126,ATP6V1E1
LOC118549440,ATP6V1G1
LOC118528002,ATP7A
LOC118548723,ATP7A
LOC118527476,ATRIP
LOC118523377,ATRX
LOC118544892,ATRX
LOC118546658,ATXN3
LOC118551424,ATXN3
LOC118545605,AUH
LOC118535583,AURKC
LOC113932100,AUTS2
LOC118551025,BANF1
LOC118532783,BANP
LOC118541316,BANP
LOC118519606,BAZ1A
LOC118529065,BCAS3
LOC118543752,BCAS3
LOC118553812,BCAS3
LOC118551036,BCL2L13
LOC118529958,BCS1L
LOC118553872,BEAN1
LOC116647850,BEND5
LOC118544703,BEND5
LOC118524236,BEX1
LOC118522246,BGLAP
LOC118552331,BHLHB9
LOC118520437,BIRC2
LOC116631491,BIVM
LOC112810412,BOLA2
LOC118530393,BRD8
LOC118528531,BRI3BP
LOC118540442,BRWD3
LOC118546703,BRWD3
LOC118519576,BTBD1
LOC118520598,BTBD1
LOC118530593,BTF3L4
LOC118027251,BTNL1
LOC118545740,BTNL1
LOC118545741,BTNL1
LOC118548172,BTNL1
LOC118537036,BTNL10
LOC118520916,C17orf113
LOC118528682,C18orf32
LOC118526861,C1QBP
LOC110581080,C1RL
LOC118539917,CA5B
LOC118552157,CA5B
LOC118528420,CABP1
LOC118537568,CACNA1C
LOC118540193,CALM1
LOC118544762,CALM1
LOC118552752,CALM1
LOC118527463,CAMK2D
LOC118527727,CAMK2D
LOC102749725,CAMK4
LOC118520648,CAMP
LOC118543054,CASP1
LOC102743671,CASP12
LOC118530789,CAST
LOC118543905,CAST
LOC118543204,CBR1
LOC118535522,CBWD3
LOC118531075,CCDC125
LOC118535502,CCDC171
LOC118525154,CCDC186
LOC118537101,CCL14
LOC118537105,CCL15
LOC118528689,CCL4
LOC118532244,CCL8
LOC118528800,CCNB3
LOC118549784,CCNB3
LOC118554898,CCNI
LOC116628051,CCP110
LOC118521293,CCPG1
LOC118545426,CCR3
LOC118545429,CCR5
LOC112819547,CCR6
LOC118555295,CCSAP
LOC118521327,CD1A
LOC118521328,CD1A
LOC118521330,CD1A
LOC118519243,CD200R1
LOC113915911,CD200R1L
LOC118547201,CD2AP
LOC118527272,CD300H
LOC118527273,CD300H
LOC118527275,CD300H
LOC116647937,CD300LB
LOC118527271,CD300LB
LOC113936577,CD33
LOC113933205,CD46
LOC118519159,CD46
LOC118540818,CD46
LOC118540940,CD46
LOC118540935,CD55
LOC113936852,CD84
LOC118530967,CD84
LOC118533480,CD96
LOC118555897,CDC123
LOC112837621,CDC27
LOC118542681,CDC27
LOC113916680,CDC42
LOC116636997,CDC42
LOC118554389,CDC42
LOC118541525,CDCA5
LOC118019992,CDK1
LOC116626285,CDK11B
LOC112831998,CDK17
LOC118532127,CDK19
LOC118533338,CDK3
LOC118531076,CDK7
LOC118536522,CDK7
LOC118541636,CDK8
LOC118545322,CDK8
LOC118530024,CEACAM1
LOC118542801,CEACAM1
LOC118521353,CEACAM21
LOC102740570,CEACAM6
LOC118542799,CEACAM6
LOC118542827,CEACAM6
LOC118542828,CEACAM6
LOC118542829,CEACAM6
LOC118550678,CEACAM6
LOC118542798,CEACAM8
LOC118551031,CECR2
LOC112825533,CENPE
LOC118539509,CENPP
LOC118524426,CENPVL3
LOC118529753,CEP112
LOC118546129,CEP295
LOC118554196,CEP295
LOC118522395,CETN2
LOC118533234,CETN2
LOC118553718,CETN2
LOC118533039,CFDP1
LOC118530817,CFH
LOC118530275,CFL1
LOC118538604,CFP
LOC118520547,CHD1L
LOC118553963,CHD1L
LOC118550013,CHD8L
LOC118535710,CHM
LOC118528318,CHORDC1
LOC118539506,CHORDC1
LOC118549675,CHRNA10
LOC118531945,CINP
LOC110577932,CK1
LOC117998682,CK1
LOC118541963,CK1
LOC118550263,CKLF
LOC102739751,CLASRP
LOC118543129,CLCN5
LOC118551006,CLEC4A
LOC118550991,CLEC4D
LOC118537858,CLMN
LOC118533951,CLNS1A
LOC118553615,CLPP
LOC118531092,CMIP
LOC118526767,CNBP
LOC118536074,CNBP
LOC118527631,CNIH1
LOC112837060,CNOT1
LOC118520915,CNP
LOC118527855,COA1
LOC118534706,COA1
LOC118552822,COA4
LOC118547333,COA5
LOC118546028,COA6
LOC118541837,COA8
LOC118531176,COL1A1
LOC118531724,COL1A1
LOC118539213,COL1A1
LOC118538161,COL24A1
LOC118527166,COL45
LOC118536746,COMP
LOC118534764,COX11
LOC118539968,COX14
LOC118545162,COX16
LOC118547988,COX17
LOC118526663,COX18
LOC110580219,COX20
LOC118525484,COX20
LOC118555483,COX20
LOC118541410,COX4I1
LOC118523939,COX5B
LOC118529209,COX6A1
LOC118550553,COX6A1
LOC118520154,COX6B1
LOC118532062,COX7B
LOC116632264,COX7C
LOC118538579,COX7C
LOC118530935,COX8A
LOC118541005,COX8A
LOC116634945,CP
LOC118550492,CP
LOC118523485,CPD
LOC118520726,CPEB4
LOC118553363,CPEB4
LOC118540936,CR2
LOC118524311,CRADD
LOC118534728,CREBBP
LOC118520935,CRIM1
LOC118536626,CRISP2
LOC118534248,CRLF3
LOC112828458,CRYZL2
LOC116625113,CRYZL2
LOC118539657,CSE4
LOC113930157,CSF2RA
LOC118552672,CSF2RA
LOC118532033,CSTF3
LOC118545182,CSTF3
LOC118530628,CTNNA1
LOC118533526,CTNNA1
LOC118549627,CTNNA3
LOC118549958,CTPS2
LOC118519987,CTSH
LOC118530998,CTSL
LOC118549944,CUL4B
LOC116641121,CUTA
LOC118545474,CUTA
LOC118526645,CXCL2
LOC118526646,CXCL2
LOC118526647,CXCL3
LOC118526649,CXCL6
LOC118529975,CXCR2
LOC118550840,CYB561
LOC118539413,CYB561A3
LOC102742766,CYB561D2
LOC118535624,CYB561D2
LOC118554604,CYB5A
LOC118527672,CYB5R1
LOC118533227,CYB5R3
LOC118547076,CYB5R3
LOC116635429,CYB5R4
LOC118541389,CYB5R4
LOC118553001,CYBA
LOC118540741,CYBB
LOC116634724,CYBRD1
LOC118519698,CYBRD1
LOC118544087,CYC1
LOC118538918,CYCS
LOC118523998,CYP20A1
LOC118529954,CYP27A1
LOC118526616,CYP27B1
LOC118536201,CYP27C1
LOC118537529,CYP2F1
LOC118552714,CYP2R1
LOC118537542,CYP2S1
LOC118027077,CYP2U1
LOC118553041,CYP2U1
LOC118533690,CYP4F22
LOC118533719,CYP4F3
LOC118549093,CYP51A1
LOC113920222,CYTIP
LOC118535706,CYTIP
LOC118524726,DACH1
LOC118543596,DAP
LOC118540353,DBP
LOC118531202,DCUN1D1
LOC118542337,DDX18
LOC116644586,DDX19B
LOC118535854,DDX3X
LOC116637607,DDX60
LOC118022172,DDX60
LOC118532776,DDX60
LOC118525204,DENND1B
LOC118546364,DENND1B
LOC118540390,DENND5B
LOC118547525,DENND5B
LOC118519599,DHFR
LOC101383955,DHRS4
LOC118550030,DHRS4
LOC118528392,DLG1
LOC118550432,DMAC2
LOC118543524,DMD
LOC114224727,DNAJB6
LOC115942194,DNAJC13
LOC118540980,DNAJC16
LOC118544390,DNAJC19
LOC118546735,DNAJC19
LOC118551136,DNAJC6
LOC118528299,DNAJC8
LOC118518326,DNMBP
LOC118529922,DNPEP
LOC118521229,Doc2g
LOC118537273,DOCK11
LOC118543485,DOCK11
LOC118541474,DOCK5
LOC118551017,DOCK5
LOC118524226,DST
LOC118543031,DTX2
LOC118554711,ECE2
LOC118537451,ECI2
LOC118544682,ECI2
LOC118531219,EDA
LOC118519960,EEF1A1
LOC118532702,EEF1A1
LOC118536959,EEF1A1
LOC118537150,EEF1A1
LOC102732673,EEPD1
LOC118547077,EFR3B
LOC118524327,EHHADH
LOC118547907,EIF1
LOC118540953,EIF1AX
LOC118542521,EIF2B3
LOC118531474,EIF3E
LOC118532427,EIF3E
LOC118545243,ELAVL1
LOC118535078,ELF1
LOC118538892,ELOVL5
LOC118537972,ELP2
LOC118541268,EOLA1
LOC118535298,EPOP
LOC102730661,ERAL1
LOC118535820,ERC1
LOC118527396,ERMAP
LOC112807889,ERO1B
LOC118524110,ERO1B
LOC118551259,ERO1B
LOC118528579,ERVK13-1
LOC118547567,ERVK13-1
LOC118518830,ERVK-19
LOC118529275,ERVK-19
LOC118544384,ERVK-25
LOC118527319,ERVK-5
LOC118548385,ERVV-2
LOC118534809,ESD
LOC118538273,ESD
LOC118540986,ESRRA
LOC118548939,ETNK1
LOC118540371,EXOC3
LOC118523585,EXOC6B
LOC118543748,EXOC6B
LOC118551995,EXOC6B
LOC118536961,EZHIP
LOC118522988,F8
LOC118552911,F8A1
LOC118518854,FAAH
LOC118522496,FAF1
LOC118538292,FAF1
LOC116628082,FAM156A
LOC118521712,FAM156A
LOC118545954,FAM187B
LOC118553849,FAM209A
LOC118522711,FAM3D
LOC118527721,FAM71C
LOC118533833,FAM71F2
LOC118530003,FBL17
LOC118523432,FBRSL1
LOC118541329,FBXO31
LOC118536528,FBXO8
LOC118530392,FBXW12
LOC118535654,FCAR
LOC113936551,FCGBP
LOC118537506,FCGBP
LOC118542927,FCGR3A
LOC118521336,FCRL2
LOC113935622,FFAR2
LOC118527141,FGF13
LOC118535493,FGGY
LOC114220260,FH6
LOC118526375,FIBP
LOC118535395,FKBP1A
LOC116638140,FKBP5
LOC118549571,FKRP
LOC118545995,FLVCR2
LOC118543460,FMR1
LOC118546636,FMR1
LOC118552787,FOLR2
LOC118552785,FOLR3
LOC118523070,FRA10AC1
LOC118546496,FRG1
LOC118533724,FSCB
LOC118554172,FSIP2
LOC110571164,FSM
LOC118532240,FTH1
LOC118519142,FTL
LOC118545241,FTL
LOC118546301,FTL
LOC118538250,G3BP1
LOC118518355,G6PD
LOC118531481,G6PD
LOC118551822,GAB3
LOC113939367,GABARAP
LOC118519066,GABARAP
LOC118521197,GAL3BP
LOC118519328,GAPDH
LOC118526097,GAPDH
LOC118529389,GAPDH
LOC118535320,GAPDH
LOC118542684,GAPDH
LOC118549254,GAPDH
LOC118545910,GARRE1
LOC118552258,GARRE1
LOC118551952,GARS1
LOC118530516,GAS8
LOC118519438,GATAD2B
LOC118532328,GATAD2B
LOC118540325,GBP1
LOC118552248,GBP6
LOC118549954,GCC2
LOC118522222,GCNT2
LOC116641125,GGTA1
LOC118529501,GIMAP1
LOC118545468,GIMAP1
LOC118545470,GIMAP1
LOC118529499,GIMAP7
LOC118520663,GK
LOC118528580,GK
LOC118522461,GLB1
LOC118533089,GLB1L2
LOC118532016,GLCCI1
LOC118555918,GLCCI1
LOC118518660,GLIS3
LOC118521817,GLMP
LOC118531778,GLTP
LOC118534087,GLTPD1
LOC118538082,GMIP
LOC118544389,GNAI1
LOC118524160,GNAS
LOC118537080,GNAS
LOC118532368,GNG10
LOC118536161,GNG10
LOC118543295,GOLM2
LOC118535648,GP6
LOC118554237,GPCPD1
LOC118542609,GRB10
LOC118553010,grhprb
LOC118527136,GRIP1
LOC118528458,GSAP
LOC118543574,GSKIP
LOC118546870,GSTM3
LOC118523505,GSTO1
LOC118519868,GSTP1
LOC118537364,GSTP1
LOC118525688,GSTT1
LOC118522818,GTF2H2
LOC116648740,GTF2IRD2
LOC118546986,GTF2IRD2
LOC118548650,GTF2IRD2
LOC118535350,GTF3C4
LOC112831706,GTPBP1
LOC118533577,GTPBP6
LOC118544564,GTPBP6
LOC118522884,GUCY1B1
LOC118537656,GUK1
LOC118548691,GYPA
LOC118550072,GZMB
LOC118550073,GZMH
LOC113918280,H1-10
LOC118548390,H1-3
LOC118548393,H1-4
LOC118539647,H2AC18
LOC118548409,H2AC4
LOC118548407,H2AC6
LOC118554176,H2AC8
LOC118536725,H2AJ
LOC118542470,H2AZ1
LOC118531287,H2AZ2
LOC118548416,H2BC1
LOC118554182,H2BC12
LOC118548419,H2BC14
LOC118539650,H2BC18
LOC118539649,H2BC21
LOC118539652,H2BC21
LOC118548421,H2BC4
LOC118554183,H2BC4
LOC118554190,H2BC4
LOC118552631,H2BU1
LOC118533386,H3-3A
LOC118548402,H3C1
LOC118539644,H4C1
LOC118548431,H4C1
LOC118554187,H4C1
LOC118518977,HACE1
LOC118530236,HAUS6
LOC118530184,HBA1
LOC118004056,HBB
LOC118528782,HBB
LOC118528783,HBB
LOC118528784,HBB
LOC118530187,HBZ
LOC118555284,HDAC2
LOC118529112,HDLBP
LOC118531523,HDLBP
LOC118544885,HELZ
LOC118550806,HELZ
LOC118547468,HERC1
LOC118545408,HEXB
LOC116637790,HGSNAT
LOC116628296,HIRA
LOC118543330,HIRA
LOC116623064,HIUH
LOC118530519,HIUH
LOC118546697,HJURP
LOC118522960,HLA-DMA
LOC118552204,HLA-DOB
LOC118552206,HLA-DQA1
LOC118552205,HLA-DQB1
LOC118519118,HLA-DRA
LOC118548171,HLA-DRA
LOC118522872,HLCS
LOC118524324,HMCN1
LOC118523196,HMGN1
LOC118520545,HP
LOC118531494,HPF1
LOC118531681,HPRT1
LOC118544683,HPRT1
LOC118548210,HPRT1
LOC118548798,HPRT1
LOC118528312,HPSE2
LOC118538656,HSD17B11
LOC118538655,HSD17B13
LOC118546503,HSD17B4
LOC118546488,HSDL2
LOC118539994,HSF2BP
LOC118545313,HSP90AB1
LOC118538843,HSPA14
LOC118545764,HSPA1A
LOC118545766,HSPA1A
LOC118545767,HSPA1A
LOC118527430,HSPE1
LOC118522226,HTATSF1
LOC118548522,HUWE1
LOC118552724,HUWE1
LOC118535612,HYAL2
LOC118538294,IARS2
LOC118539249,IARS2
LOC118539072,IDI1
LOC118541911,IDS
LOC118549536,IDS
LOC116627476,IFI203
LOC118521320,IFI203
LOC118522693,IFI27L2
LOC118527516,IFIT1
LOC118527515,Ifit1bl2
LOC118527514,IFIT2
LOC118527518,IFIT2
LOC118527513,IFIT3
LOC118527517,IFIT5
LOC118530940,IFIT5
LOC118539546,IFITM1
LOC118539548,IFITM3
LOC118551464,IFT80
LOC118548544,IFTAP
LOC118519664,IGBP1
LOC118520119,IGF1R
LOC101368309,IGHA2
LOC118519711,IGHA2
LOC118519712,IGHA2
LOC118519715,IGHA2
LOC118533033,IGHA2
LOC118535943,IGHD
LOC118519255,IGHE
LOC118519254,IGHG3
LOC118523438,IGHG3
LOC118523439,IGHG3
LOC118523440,IGHG3
LOC118535940,IGHM
LOC118518698,IGHV3-23
LOC118527462,IGHV3-23
LOC118535942,IGHV3-23
LOC118543833,IGHV3-23
LOC118543838,IGHV3-23
LOC118544684,IGHV3-23
LOC118550599,IGHV3-23
LOC118550616,IGHV3-23
LOC118550618,IGHV3-23
LOC118555003,IGHV3-23
LOC118555004,IGHV3-23
LOC118527461,IGHV3-74
LOC118543836,IGHV3-74
LOC116628977,IGHV4-59
LOC118555792,IGIP
LOC118535277,IGK
LOC118535278,IGKV2-30
LOC118535279,IGKV4-1
LOC118526498,IGLC
LOC113913255,IGLC7
LOC118526458,IGLC7
LOC118526467,IGLC7
LOC118526519,IGLC7
LOC118525675,IGLL5
LOC118356272,IGLV1-40
LOC118531225,IGLV1-40
LOC118531226,IGLV1-40
LOC118531231,IGLV1-40
LOC118532663,IGLV1-40
LOC118532665,IGLV1-40
LOC118533552,IGLV1-40
LOC118533554,IGLV1-40
LOC118533555,IGLV1-40
LOC118542698,IGLV1-40
LOC118542699,IGLV1-40
LOC118542731,IGLV1-40
LOC118542733,IGLV1-40
LOC118546749,IGLV1-40
LOC118550634,IGLV1-40
LOC118550635,IGLV1-40
LOC118550641,IGLV1-40
LOC118554150,IGLV1-40
LOC118554158,IGLV1-40
LOC118554348,IGLV1-40
LOC118555066,IGLV1-40
LOC118531235,IGLV2-18
LOC118543539,IGLV2-18
LOC118543537,IGLV3-25
LOC118538191,IGLV3-9
LOC118543526,IGLV3-9
LOC118543527,IGLV3-9
LOC118550639,IGLV5-37
LOC118554319,IGLV5-48
LOC118531809,IKBIP
LOC118528976,IKZF1
LOC118552774,IL18BP
LOC118534005,IL18RAP
LOC118545611,IL1RAP
LOC118543063,IL36G
LOC118532056,ILKAP
LOC118554565,INCENP
LOC118526119,ING1
LOC118526120,ING1
LOC118522929,INPP4B
LOC118521222,INSIG1
LOC118538492,INSR
LOC116647131,INTS6
LOC118554930,INTS6
LOC118554931,INTS6
LOC118019865,IPMK
LOC118520531,IPP
LOC118554387,IRF4
LOC118523646,IRS2
LOC118554015,ITPRIP
LOC118526733,IVNS1ABP
LOC118550588,JKAMP
LOC118020124,JMJD1C
LOC118520901,JUP
LOC118519053,KATNIP
LOC118552709,KBTBD6
LOC118533840,KCP
LOC118522876,KDM1A
LOC118536370,KDM1A
LOC118521956,KDM4C
LOC102738453,KDM5C
LOC118542514,KDM5C
LOC118553204,KDM5C
LOC118009497,KDM6A
LOC118536526,KDM6A
LOC118550175,KDM6A
LOC118530218,KDM6B
LOC118547722,KDM7A
LOC118555721,KDSR
LOC118553608,KHSRP
LOC118533014,KIAA0232
LOC118540903,KIAA0319L
LOC118524926,KIAA0754
LOC118007354,KIDINS220
LOC118553442,KIF20B
LOC118518980,KIF4A
LOC118543654,KIF4A
LOC114202060,KIR2DL3
LOC112806624,KIR3DL3
LOC118552125,KLHL14
LOC118552247,KLHL14
LOC118545457,KLHL18
LOC118526319,KLHL20
LOC118543157,KLHL20
LOC118540785,KLRC1
LOC118555523,KLRD1
LOC118519164,KLRF1
LOC118025670,KLRK1
LOC118554013,KLRK1
LOC118525148,KNSTRN
LOC118522248,KPNA2
LOC118540574,KPNA2
LOC118553009,KPNA2
LOC118553463,KPNA2
LOC118521781,KRT18
LOC118535077,KRT18
LOC118525671,KRTAP16-1
LOC118520878,KRTAP4-3
LOC118520875,KRTAP9-1
LOC118526630,L3MBTL4
LOC118536231,L3MBTL4
LOC118547395,LAGE3
LOC118555392,LASP1
LOC118541773,LBP
LOC118529298,LDHA
LOC118546196,LDHA
LOC118554278,LDHA
LOC118530608,LDHAL6A
LOC118549276,LDHB
LOC118539479,LEF1
LOC118551093,LEO1
LOC118551098,LEO1
LOC118542672,LHPP
LOC118535632,LILRA5
LOC102746300,LILRA6
LOC118529511,LILRA6
LOC118529515,LILRA6
LOC118535642,LILRA6
LOC118535643,LILRA6
LOC118529512,LILRB3
LOC118529517,LILRB3
LOC118535639,LILRB3
LOC118535647,LILRB4
LOC118525978,LIMS1
LOC118528055,LMBR1
LOC118549163,LNPEP
LOC118546817,LPP
LOC118545462,LRCH1
LOC118523861,LRP1B
LOC118555005,LRRC20
LOC118554342,LRRC37A
LOC118554192,LRRC37A3
LOC118542730,LRRC37B
LOC118554184,LRRC37B
LOC118552771,LRTOMT
LOC118552772,LRTOMT
LOC118544667,LSM5
LOC118551486,LSM5
LOC118542002,LUC7L2
LOC118529187,LY6E
LOC118545786,LY6G6F
LOC118529186,LY6H
LOC118544141,LY6H
LOC118552199,LY75
LOC118548742,LYNX1
LOC118539963,LYST
LOC118552523,MACF1
LOC118549760,MACROH2A1
LOC118521717,MAGED4
LOC118527342,MAGT1
LOC118532771,MAML2
LOC118555961,MAML2
LOC118543895,MAN1A1
LOC110581250,MAN1B1
LOC118518241,MAN1B1
LOC114216928,MAN1C1
LOC118523629,MAP11
LOC118544944,MAP2K4
LOC118001935,MAP3K4
LOC118535244,MAP3K4
LOC118519137,MAP7D3
LOC118537805,MAP7D3
LOC118540373,MARK3
LOC118531532,MASTL
LOC112827669,MAVS
LOC118543123,MBIP
LOC118522856,MBNL1
LOC118538279,MBNL1
LOC118536710,MBP
LOC118531200,MCCC1
LOC118544604,MCCC1
LOC118520381,MCTS1
LOC118534244,MCTS1
LOC118554885,MCTS1
LOC118550053,MDP1
LOC118523105,MED12
LOC118531883,MED12
LOC118019798,MED18
LOC118527770,MED27
LOC118536766,MEF2B
LOC118538873,MEGF6
LOC118536057,METTL16
LOC118551867,MFF
LOC118539912,MFSD4A
LOC118549893,MIA2
LOC118550649,MIA2
LOC118519674,MIA3
LOC116646400,MICAL2
LOC118554000,MICU2
LOC118548233,MIGA2
LOC118521250,MIIP
LOC118541171,MISP
LOC118529783,MLLT10
LOC118540822,MLLT10
LOC118552335,MLLT11
LOC118555091,MLLT11
LOC118531155,MLXIP
LOC118520453,MMP1
LOC118520449,MMP27
LOC118538083,MOCS1
LOC118532183,MOXD2P
LOC118523852,MPP7
LOC118522281,MRNIP
LOC102729786,MRPL22
LOC118522722,MRPL33
LOC118526281,MRPL42
LOC118522450,MRPS17
LOC114220399,MS4A2
LOC118547251,MS4A2
LOC118547252,MS4A2
LOC118547254,MS4A6A
LOC118523617,MT1F
LOC118520780,MT2A
LOC118520782,MT2A
LOC118520783,MT2A
LOC118539244,MTARC2
LOC118520560,MTBP
LOC113929952,MTIF2
LOC118009458,MTIF2
LOC118540880,MTIF2
LOC118546969,MTIF2
LOC118547420,MTIF2
LOC118542295,MTM1
LOC118537579,MTMR2
LOC118519963,MTO1
LOC118540475,MTPAP
LOC118542454,MTSS1
LOC118540534,MVP
LOC118552532,MYCBP
LOC118534341,MYCBP2
LOC118525483,MYCBPAP
LOC118540775,MYH1
LOC118550078,MYH7
LOC116642704,MYL12B
LOC118554613,MYL12B
LOC114200322,MYL9
LOC118549544,MYLIP
LOC118534023,MYLK
LOC118547840,MYLK
LOC118549851,MYO1D
LOC113936416,MYPOP
LOC118535258,MYPOP
LOC118544981,NAAA
LOC118528317,NAALAD2
LOC118554657,NANOG
LOC118546945,NANP
LOC118540922,NAP1L1
LOC118550489,NBAS
LOC118536146,NCBP1
LOC118533640,NCMAP
LOC118544510,NCOA5
LOC118535652,NCR1
LOC118542352,NDUFA1
LOC118519042,NDUFA3
LOC118521740,NDUFA3
LOC118547176,NDUFA3
LOC118551452,NDUFA3
LOC118533602,NDUFAF4
LOC118552393,NDUFAF4
LOC118530381,NDUFAF5
LOC118551426,NDUFB1
LOC118519875,NDUFV1
LOC112832036,NEDD1
LOC118532937,NEDD1
LOC118541805,NEDD4L
LOC118531495,NEK1
LOC118532772,NEK1
LOC118547241,NEMF
LOC118520997,NF1
LOC118550065,NFATC4
LOC118518316,NFX1
LOC116629011,NHSL2
LOC118547795,NIPSNAP3A
LOC118545918,NME1
LOC118552746,NOL4
LOC118539388,NONO
LOC118542913,NOS1AP
LOC118520268,NOSIP
LOC118532880,NPAT
LOC118530549,NPM1
LOC118547546,NPM1
LOC118536768,NR2C2AP
LOC118545455,NRADD
LOC118544429,NRAP
LOC118518259,NRARP
LOC118538087,NRBP2
LOC118528549,NREP
LOC118522320,NSA2
LOC118523507,NSA2
LOC118537213,NSA2
LOC118545393,NSA2
LOC118519224,NT5C3A
LOC118523011,NUP133
LOC118555291,NUP133
LOC118521109,NUP153
LOC118547978,NUP153
LOC118553818,NUSAP1
LOC118530391,NUTM2G
LOC118527112,NXPE3
LOC118555410,OASL
LOC118528562,OASL2
LOC118552719,OBI1
LOC118554338,OBSCN
LOC118529141,OFD1
LOC118545361,OFD1
LOC118522399,OPHN1
LOC118534641,OR2C1
LOC118534883,OR2K2
LOC118547237,OSBP
LOC118551878,OSGEP
LOC118537967,OTUD5
LOC116639565,OXR1
LOC113931552,P2RY10
LOC118521586,PAAT
LOC118524684,PAAT
LOC118531230,PAAT
LOC118540763,PACS2
LOC118541904,PAICS
LOC118534789,PAM16
LOC118518996,PARD3B
LOC118523987,PARD3B
LOC118545258,PARP14
LOC118526930,PARP15
LOC118544310,PARPBP
LOC118529079,PAXIP1
LOC118534519,PCCA
LOC116627294,PCCB
LOC118555229,PCDHGC4
LOC118546300,PCNP
LOC118552695,PCNP
LOC118523884,PDCD6IP
LOC118534310,PDE4DIP
LOC118533524,PDHA1
LOC118553015,PDIA5
LOC118533060,PDPR
LOC118519269,PDS5B
LOC118521757,PDS5B
LOC118545878,PDZD11
LOC102734930,PDZD8
LOC118525521,PEG3
LOC118524838,PERK2
LOC118518918,PET100
LOC118539300,PEX16
LOC113925106,PF4
LOC118526650,PF4
LOC118540059,PFN1
LOC118545654,PGA4
LOC118555668,PGAP1
LOC118519001,PGM2
LOC118541030,PGM5
LOC118540555,PHETA1
LOC118001824,PHF10
LOC118529373,PHIP
LOC118529237,PHKA1
LOC118533256,PHKA1
LOC118548083,PHKB
LOC118553192,PHKB
LOC118552244,PHYHD1
LOC118519163,PIGK
LOC118530404,PIGN
LOC118544525,PIGP
LOC118554860,PKD2
LOC118521775,PKP4
LOC118542233,PLA2G6
LOC118554519,PLAAT4
LOC118554037,PLAC8
LOC118554038,PLAC8
LOC118525788,PLCL1
LOC102736734,PLP
LOC118546901,PLPBP
LOC118524949,PLTP
LOC118531677,PLXDC2
LOC118544848,PLXDC2
LOC118526508,PLXNA3
LOC118520248,PNKP
LOC118534377,PNMA6E
LOC118551879,PNP
LOC118553491,PNP
LOC118524673,POC1A
LOC118533259,POC1A
LOC118548111,POLA1
LOC118522675,POLE
LOC118523434,POLE
LOC118547560,POLE
LOC118555512,POLR3C
LOC118526076,POMP
LOC118550528,PON2
LOC118550526,PON3
LOC118548598,POR
LOC116626653,PPAN
LOC118552878,PPAN
LOC118526560,PPFIA1
LOC110576229,PPFIBP2
LOC118004077,PPFIBP2
LOC118544456,PPIA
LOC118534909,PPID
LOC118520487,PPM1L
LOC118554259,PPP1R21
LOC118537960,PPP2R5A
LOC118547855,PPP2R5C
LOC118537057,PPP4R1
LOC114203295,PRB1
LOC118518059,PRB1
LOC118540527,PRCP
LOC118532706,PRDM1
LOC118520528,PRDX1
LOC118548673,PRDX1
LOC118518785,PRDX3
LOC118528324,PRDX3
LOC118538057,PREP
LOC118520846,PRKAG2
LOC118548562,PRKCH
LOC118527840,PRKCQ
LOC118533571,PRKCSH
LOC118536497,PRNP
LOC118543297,PRODH
LOC118521383,PRORSD1
LOC116629547,PRP33
LOC118522245,PRPS2
LOC118530448,PSAP
LOC118525346,PSMA1
LOC118528092,PSMB3
LOC118549478,PSMB4
LOC118546509,PSMC2
LOC118537774,PSMC3IP
LOC118541559,PSMC6
LOC118543760,PSME4
LOC118547765,PSME4
LOC118536053,PSMG2
LOC118526774,PTEN
LOC118538514,PTHB1
LOC118547035,PTPN11
LOC118528627,PTPN9
LOC118534275,PTPN9
LOC112827714,PTPRA
LOC118519860,PTPRCAP
LOC118532254,PTPRV
LOC118538263,PTS
LOC118543573,PTS
LOC118533003,PUDP
LOC118554079,PUM1
LOC118552514,PYCARD
LOC110581091,PYROXD1
LOC118527528,PYROXD1
LOC118542287,QDPR
LOC118526117,RAB20
LOC118534946,RAB20
LOC118523581,RAB2A
LOC118547129,RAB3IP
LOC118527916,RAB44
LOC118526401,RABGAP1L
LOC118551607,RABGAP1L
LOC118522268,RAD51B
LOC118551576,RAD51B
LOC118540665,RAD54L
LOC118521228,RANBP17
LOC102749113,RANBP2
LOC116641645,RANBP2
LOC118525972,RANBP2
LOC118525694,RAPGEF6
LOC118554018,RAPGEF6
LOC118523028,RASA4
LOC118542855,RBBP4
LOC118523056,RBIS
LOC118549282,RBM22
LOC118526435,RBM25
LOC113912837,RBM3
LOC118016106,RBM4B
LOC118522966,RBMX
LOC118535478,RBMX
LOC118550666,RBMX
LOC118532518,RBPMS2
LOC118547655,RCOR1
LOC118540204,RCTB2
LOC118542695,RDM1
LOC118554275,RDM1
LOC118527529,RECQL
LOC118546225,RENBP
LOC118554776,REPS2
LOC102744115,REV1
LOC102749537,RFX1
LOC118534902,RFXAP
LOC118554771,RHOG
LOC118520812,RHPN2
LOC118006531,RICTOR
LOC118534965,RILP
LOC118533899,RIN1
LOC118522925,RNA18S
LOC118529299,RNA18S
LOC118543691,RNA18S
LOC118521062,RNA28S
LOC118522673,RNA28S
LOC118522926,RNA28S
LOC118524279,RNA28S
LOC118529303,RNA28S
LOC118534463,RNA28S
LOC118543692,RNA28S
LOC118524278,RNA5-8S
LOC118529294,RNA5-8S
LOC118543603,RNA5-8S
LOC118543690,RNA5-8S
LOC118533231,RNASE3
LOC118551866,RNASE4
LOC118547642,RND3
LOC118529205,RNF10
LOC118549611,RNF10
LOC118521257,RNF13
LOC118550511,RNF13
LOC118521512,RNF2
LOC118552120,RNF2
LOC118542636,RNF216
LOC113909472,RNF4
LOC118521966,RNF4
LOC118540043,RNLS
LOC118549773,RNU6-1
LOC118528334,RP9
LOC118531358,RPB4
LOC118553506,RPB4
LOC118527718,RPGR
LOC118533172,RPGR
LOC118523732,RPL10
LOC118547602,RPL10
LOC118518324,RPL12
LOC118540830,RPL12
LOC118527799,RPL13A
LOC118520673,RPL17
LOC118552820,RPL18A
LOC118545816,RPL19
LOC118536511,RPL21
LOC118542583,RPL21
LOC110577102,RPL23A
LOC118531706,RPL23A
LOC118538134,RPL23A
LOC118538911,RPL23A
LOC118553505,RPL23A
LOC118541548,RPL24
LOC118522969,RPL26
LOC113921700,RPL27
LOC116643085,RPL30
LOC118542552,RPL30
LOC118555930,RPL30
LOC118524179,RPL31
LOC118530467,RPL31
LOC118525699,RPL32
LOC118526168,RPL32
LOC118541704,RPL32
LOC118548912,RPL32
LOC118543972,RPL35
LOC118530242,RPL35A
LOC118542460,RPL35A
LOC118519587,RPL36A
LOC118534081,RPL37
LOC118519577,RPL37A
LOC118538275,RPL5
LOC118541426,RPL5
LOC118534822,RPL6
LOC118527381,RPL7
LOC118525418,RPL7A
LOC118541605,RPLP1
LOC118521798,RPS12
LOC118539033,RPS18
LOC118534259,RPS19
LOC118543467,RPS20
LOC118524533,RPS23
LOC118534089,RPS23
LOC118538988,RPS23
LOC118530059,RPS24
LOC118534912,RPS24
LOC118537598,RPS24
LOC118554092,RPS24
LOC118522780,RPS25
LOC118524108,RPS26
LOC118519940,RPS27
LOC118536512,RPS27
LOC118551243,RPS27
LOC118551979,RPS27A
LOC118533745,RPS3A
LOC118547338,RPS3A
LOC118520022,RPS5
LOC118529421,RPS6
LOC118535110,RPS6
LOC118520003,RPS6KA3
LOC118522211,RPS6KA3
LOC118553550,RPS7
LOC118537635,RPSA
LOC118519786,RPTOR
LOC118549037,RPTOR
LOC118526740,RRAGB
LOC118547866,RRP5
LOC118524998,RSU1
LOC118554838,RTRAF
LOC118529314,RWDD1
LOC118538515,RYBP
LOC118525258,S100A10
LOC118533018,S100P
LOC118518437,S100PBP
LOC118526924,SAMD1
LOC118548206,SAR1B
LOC118532173,SARNP
LOC118554167,SART1
LOC118549397,SBF1
LOC118527133,SCAP
LOC118544484,SCAPER
LOC118552328,SCAPER
LOC118548659,SCARNA20
LOC118520758,SCD5
LOC118536328,SCFD2
LOC118526862,SCIMP
LOC118536617,SCO2
LOC118523161,SDA1
LOC118529473,SDCBP
LOC118533201,SDCBP
LOC118525238,SEC16B
LOC118525870,SEC23A
LOC118546375,SEC23A
LOC118555601,SEC23IP
LOC118549517,SEC24A
LOC118555694,SEC24A
LOC118547260,SEC61G
LOC118529564,SEH1L
LOC118535747,SELENOO
LOC118519640,SELENOP
LOC118539435,SELP
LOC118554899,SEPTIN11
LOC118539579,SEPTIN3
LOC112831597,SERHL2
LOC118522681,SERPINA1
LOC118522682,SERPINA1
LOC116632716,SERPINA6
LOC118522686,SERPINA6
LOC118519907,SERPINB8
LOC118524186,SETD1A
LOC118552501,SETD1A
LOC116631660,SETDB2
LOC118543498,SETDB2
LOC118525056,SETMAR
LOC118533168,SETMAR
LOC102731389,SETSIP
LOC118534204,SETSIP
LOC118521423,SF3A2
LOC118555956,SFMBT2
LOC118526134,SGK3
LOC118542321,SGK3
LOC118520015,SGPP1
LOC116624551,SH3BGRL3
LOC112831392,SH3BP1
LOC118536633,SH3KBP1
LOC118539349,SHROOM3
LOC117998321,SIGLEC11
LOC118543256,SIGLEC13
LOC118543257,SIGLEC14
LOC112807134,SIGLEC5
LOC118543252,SIGLEC5
LOC118543255,SIGLEC5
LOC118543258,SIGLEC6
LOC118544929,SIK2
LOC118529555,SIRPB1
LOC118536474,SIRPB1
LOC118536475,SIRPB1
LOC118521570,SLBP
LOC114203196,SLC10A3
LOC116628881,SLC14A1
LOC118545381,SLC14A1
LOC118554553,SLC16A1
LOC118529761,SLC16A6
LOC118524161,SLC19A3
LOC118546954,SLC22A1
LOC118518097,SLC22A23
LOC118541073,SLC23A1
LOC118017998,SLC25A16
LOC118533974,SLC25A24
LOC118546896,SLC25A24
LOC102727457,SLC25A26
LOC118524849,SLC25A3
LOC118521013,SLC25A44
LOC118553076,SLC35A4
LOC118538324,SLC35E1
LOC118527327,SLC35F5
LOC118520290,SLC6A16
LOC118524335,SLC6A8
LOC116629038,SLC7A3
LOC118527527,SLC7A3
LOC118546524,SLC7A3
LOC118546527,SLC7A3
LOC118518690,SLC8A1
LOC118539906,SLC9B2
LOC118549239,SLC9B2
LOC118539009,SLCO4C1
LOC118544046,SLCO4C1
LOC118530735,SLIRP
LOC118522426,SLMAP
LOC118523101,SLX4IP
LOC113921361,SMAGP
LOC118539942,SMAGP
LOC118547937,SMC1A
LOC118527981,SMIM10L2A
LOC118530350,SMIM10L2A
LOC118550770,SMIM24
LOC118550567,SMIM29
LOC118541542,SMIM30
LOC102736402,SMPD5
LOC118544094,SMPD5
LOC118527390,SMS
LOC118538287,SMS
LOC118540842,SMS
LOC118552490,SMYD3
LOC102748818,SNED1
LOC118518349,SNORA12
LOC118542415,SNORA61
LOC118541791,SNORA71
LOC118542411,SNORA73
LOC118542433,SNORA73
LOC118531327,SNORA9
LOC118545811,SNORD83
LOC118525446,SNORD94
LOC118525037,SNRPB2
LOC118534339,SNRPB2
LOC118552465,SNRPF
LOC118538797,SNRPG
LOC118520822,SNX2
LOC118522460,SNX2
LOC118543085,SNX21
LOC118540411,SNX29
LOC118550290,SNX9
LOC118527208,SOBP
LOC118541592,SOBP
LOC118519547,SOS1
LOC118520131,SOS1
LOC118546999,SP100
LOC118522470,SP110
LOC118546997,SP140L
LOC118547000,SP140L
LOC118547004,SP140L
LOC118525205,SP3
LOC118531037,SP3
LOC118538050,SPATA31D4
LOC118537115,SPATA31E1
LOC118521674,SRBD1
LOC118524198,SRCAP
LOC118547839,SRGN
LOC118518282,SRPK1
LOC118552848,SRRM3
LOC118554778,SSPOP
LOC118546203,SSX2IP
LOC118551625,ST13
LOC118528983,ST13P4
LOC118545367,ST3GAL3
LOC118528534,STAG1
LOC118553494,STAG1
LOC118519352,STAG2
LOC118528023,STAG2
LOC118538479,STAG2
LOC118528912,STAT4
LOC118519274,STAT5B
LOC118552750,STIM1
LOC118529911,STK11IP
LOC118520959,STXBP5L
LOC118526006,STXBP5L
LOC118520187,SUCLG2
LOC118534192,SUCLG2
LOC118553409,SULT1C1
LOC118522534,SUMO1
LOC116641011,SURF1
LOC118545747,SURF1
LOC118527399,SVBP
LOC113914088,SVIP
LOC118551430,SVIP
LOC118526736,SWT1
LOC118533295,SYCP1
LOC116638879,SYF2
LOC118550231,SYF2
LOC118541947,SYNCRIP
LOC102740239,SYNE2
LOC118529566,SYP
LOC118523224,TACC1
LOC118550831,TACO1
LOC118538730,TAF1
LOC118012045,TAF4
LOC118533761,TAF4B
LOC118546968,TAGAP
LOC118533920,TANGO6
LOC118536660,TAPBP
LOC113929735,TARDBP
LOC118518537,TARM1
LOC118518539,TARM1
LOC118519656,TAX1BP1
LOC118525344,TBC1D1
LOC118535630,TBC1D22A
LOC112828297,TBL3
LOC118543387,TBP
LOC118527875,TCAP
LOC118526528,TCEA1
LOC118544428,TCEA1
LOC118555414,TCEA1
LOC118551402,TCEAL4
LOC118549652,TCFL5
LOC118531777,TCHP
LOC118547239,TCN1
LOC118547282,TCN1
LOC118551641,TDRP
LOC118530276,TEDC1
LOC113913624,TEX10
LOC118552582,TEX13D
LOC118526094,TF
LOC118547177,THA2
LOC118529616,THOC2
LOC118529732,THOC2
LOC118553699,THOC5
LOC118540222,TICAM1
LOC118554648,TIPARP
LOC116643970,TLCD4
LOC118554827,TLCD4
LOC116628065,TMC5
LOC118539219,TMCO1
LOC118552094,TMCO1
LOC118518990,TMED9
LOC118527052,TMEM131L
LOC102744251,TMEM141
LOC102742244,TMEM164
LOC118529926,TMEM167A
LOC118532172,TMEM198
LOC118555069,TMEM209
LOC118549418,TMEM230
LOC118545310,TMEM59
LOC118554122,TMEM59
LOC118554101,TMEM9B
LOC116640522,TMOD3
LOC118531274,TMSB10
LOC118518639,TMSB4X
LOC118525764,TMSB4X
LOC118552716,TMSB4X
LOC118520041,TNFRSF1A
LOC118519103,TNFSF12
LOC115936489,TNRC18
LOC118526221,TNS1
LOC118521913,TOLLIP
LOC118527904,TOP2A
LOC118528842,TOP2A
LOC118522835,TOP2B
LOC114222830,TOR1AIP2
LOC116624818,TOR1AIP2
LOC118540711,TOR1AIP2
LOC118521855,TOR1B
LOC118522145,TPCN1
LOC118529143,TPGS2
LOC118531542,TPGS2
LOC118526920,TPPP
LOC118530117,TPSAB1
LOC114206176,TPT1
LOC118550108,TRAC
LOC118535098,TRANK1
LOC118521539,TRAPPC2
LOC118529140,TRAPPC2
LOC118553521,TRAT1
LOC112822614,TRAV13-1
LOC118522990,TRAV13-1
LOC118522996,TRAV13-1
LOC118550120,TRAV13-1
LOC118550121,TRAV13-1
LOC114217819,TRAV18
LOC113908996,TRAV22
LOC114202125,TRAV22
LOC114202133,TRAV22
LOC118522989,TRAV22
LOC118522992,TRAV22
LOC112822609,TRAV26-2
LOC112822612,TRAV36DV
LOC118550133,TRAV5
LOC118550023,TRAV8-4
LOC118550122,TRAV8-6
LOC112821953,TRAV9-2
LOC115940267,TRAV9-2
LOC118003113,TRAV9-2
LOC118522991,TRAV9-2
LOC118522993,TRAV9-2
LOC118522995,TRAV9-2
LOC118532169,TRBC1
LOC118532187,TRBC1
LOC118532190,TRBV10-3
LOC112810888,TRBV16
LOC112811049,TRBV19
LOC118021183,TRBV25-1
LOC118532191,TRBV27
LOC118532189,TRBV4-2
LOC118532196,TRBV4-3
LOC118532193,TRBV5-1
LOC118532194,TRBV5-5
LOC113908989,TRDC
LOC118550113,TRDC
LOC112824777,TRGC1
LOC118551592,TRGC1
LOC102730568,TRGC2
LOC118551590,TRGC2
LOC118542713,TRIAP1
LOC116628791,TRIM26
LOC118525314,TRIM34
LOC118525315,TRIM34
LOC102733279,TRIM39
LOC118553387,TRIM39
LOC118542211,TRIOBP
LOC118546665,TRIP
LOC118518152,TRIP11
LOC118552941,TRIP11
LOC118555631,TRMT10C
LOC118529126,TRNT1
LOC118553902,TROAP
LOC118518221,TRRAP
LOC118542926,TTC41P
LOC118553904,TUBA1A
LOC118529903,TUBA1B
LOC118553905,TUBA1C
LOC118529932,TUBA4A
LOC118527675,TUBA8
LOC118542363,TUBA8
LOC118537771,TUBG1
LOC118537770,TUBG2
LOC118522663,TVP23B
LOC118551846,TVP23B
LOC118536247,TXLNG
LOC118536878,TXLNG
LOC118542112,TXLNG
LOC118539688,TXNDC16
LOC118546480,TXNDC16
LOC118535589,TXNDC17
LOC118548851,TXNIP
LOC118520175,TYROBP
LOC116648629,TYW1
LOC118520033,TYW1
LOC118549109,U2SURP
LOC118547569,UB
LOC118536248,UBA52
LOC118554693,UBAC2
LOC118547783,UBE2E1
LOC118535730,UBE2N
LOC118547622,UBL5
LOC118524031,UBR1
LOC118524724,ULBP1
LOC118524727,ULBP1
LOC118551263,UPF3B
LOC118550545,UQCC2
LOC118554550,UQCC3
LOC118555187,UQCR10
LOC118525176,UQCR11
LOC118519749,UQCRB
LOC118538270,UQCRB
LOC118527642,UQCRC1
LOC118549007,UQCRC2
LOC118518856,UQCRH
LOC118544576,UQCRQ
LOC118529618,URB1
LOC118531302,URGCP
LOC118522530,USP27X
LOC116638551,USP6NL
LOC118530284,USP6NL
LOC118524608,USP9X
LOC118532297,USP9X
LOC118547517,USP9X
LOC118537339,UTP23
LOC118542943,UTP23
LOC118538671,UTRN
LOC118534692,VAMP7
LOC118535224,VASP
LOC118518263,VBP1
LOC118535631,VBP1
LOC118528730,VCP
LOC118552682,VKORC1
LOC118546680,VMP1
LOC116622213,VN1R4
LOC118519535,VPS13B
LOC118525893,VPS13B
LOC118521242,VPS13C
LOC118553972,VPS13D
LOC118521322,VPS29
LOC118522177,VPS4B
LOC118555719,VPS4B
LOC118522971,VPS52
LOC118518547,VSTM1
LOC118543083,VWA8
LOC118540667,WAS
LOC118550880,WC1.1
LOC118521605,WDFY3
LOC118538144,WDFY3
LOC118553183,WDFY3
LOC118540006,WDR12
LOC118546352,WDR12
LOC118523816,WDR33
LOC118522866,WDR44
LOC118524460,WDR70
LOC118550100,WIPF1
LOC118535667,WIPF3
LOC118546962,WTAP
LOC118531099,WWOX
LOC118523203,WWP1
LOC118521680,XK
LOC118540742,XK
LOC118522234,XPR1
LOC118537694,XYLT1
LOC116638450,YCF2
LOC102739843,YEATS2
LOC112810468,YPEL3
LOC118548244,YY2
LOC118523673,ZAN
LOC118523944,ZAP70
LOC118545531,ZBTB26
LOC118521551,ZBTB44
LOC118536825,ZC3H11A
LOC118526916,ZDHHC11B
LOC118525140,ZFC3H1
LOC118548087,ZFC3H1
LOC118536646,ZFP
LOC118529874,ZFP14
LOC118526060,ZFP2
LOC118535594,ZFP28
LOC102748329,ZFP30
LOC118520377,ZFX
LOC118533930,ZGRF1
LOC116628569,ZKSCAN8
LOC118547493,ZKSCAN8
LOC118006433,ZNF131
LOC116622252,ZNF132
LOC116626842,ZNF140
LOC116622036,ZNF146
LOC118535568,ZNF146
LOC118535573,ZNF146
LOC118535599,ZNF146
LOC118543337,ZNF146
LOC118535569,ZNF154
LOC118552898,ZNF177
LOC118545926,ZNF181
LOC118526024,ZNF197
LOC118549666,ZNF211
LOC116622234,ZNF226
LOC118529122,ZNF233
LOC118544166,ZNF250
LOC118544152,ZNF252
LOC118026273,ZNF256
LOC118533232,ZNF256
LOC118535559,ZNF256
LOC118549667,ZNF256
LOC118520201,ZNF260
LOC118520240,ZNF260
LOC118543243,ZNF260
LOC118535563,ZNF264
LOC118524924,ZNF280C
LOC118546417,ZNF280C
LOC102738327,ZNF300
LOC116626819,ZNF300
LOC118534654,ZNF300
LOC118542635,ZNF300
LOC118554462,ZNF300
LOC118540740,ZNF324
LOC116622197,ZNF331
LOC116648446,ZNF33B
LOC118519392,ZNF33B
LOC118530937,ZNF33B
LOC112810676,ZNF345
LOC113916405,ZNF345
LOC118535561,ZNF345
LOC118553134,ZNF345
LOC118528575,ZNF354A
LOC118528008,ZNF354B
LOC110590213,ZNF383
LOC118553139,ZNF383
LOC118535558,ZNF418
LOC116623250,ZNF420
LOC118548104,ZNF420
LOC118530267,ZNF451
LOC118520189,ZNF461
LOC118524191,ZNF501
LOC118524618,ZNF501
LOC118551618,ZNF501
LOC118555035,ZNF516
LOC118553129,ZNF527
LOC116622018,ZNF543
LOC118535560,ZNF543
LOC116622022,ZNF548
LOC118535581,ZNF548
LOC118535574,ZNF550
LOC118535562,ZNF551
LOC118538491,ZNF558
LOC118552901,ZNF559
LOC118520200,ZNF566
LOC118520191,ZNF568
LOC116623264,ZNF570
LOC118553123,ZNF573
LOC118528707,ZNF605
LOC118541967,ZNF609
LOC102731425,ZNF614
LOC118543240,ZNF615
LOC118524244,ZNF644
LOC118541037,ZNF644
LOC118542631,ZNF665
LOC118530339,ZNF675
LOC112806783,ZNF677
LOC116622200,ZNF677
LOC118525522,ZNF677
LOC118525524,ZNF677
LOC118525526,ZNF677
LOC118524427,ZNF683
LOC118552137,ZNF683
LOC118552906,ZNF699
LOC116637992,ZNF705A
LOC118540572,ZNF705A
LOC118548103,ZNF708
LOC118547386,ZNF709
LOC116622203,ZNF720
LOC118548101,ZNF720
LOC118530338,ZNF724
LOC118550424,ZNF74
LOC118550668,ZNF75D
LOC118524187,ZNF768
LOC113916361,ZNF77
LOC118541344,ZNF77
LOC118541351,ZNF77
LOC117997840,ZNF773
LOC118535566,ZNF773
LOC118537544,ZNF780A
LOC116623212,ZNF808
LOC118549669,ZNF814
LOC116648445,ZNF84
LOC118527511,ZNF84
LOC118525533,ZNF845
LOC118522658,ZNF883
LOC118524767,ZNF883
LOC118547120,ZNF883
LOC118554798,ZSCAN2
LOC118535578,ZSCAN4
LOC102741116,ZSWIM6
LOC118522124,ZSWIM6
LOC118519335,ZXDB
LOC118543178,ZXDB
LOC118547207,ZXDB
LOC118530030,ABCA17
LOC118549013,ABCA3
LOC118525087,ABCA9
LOC112824245,ACADM
LOC116633136,ACOT1
LOC118544621,ACOXL
LOC116636605,ACY1
LOC118534177,ADAMTSL3
LOC118535420,ADGRE2
LOC118535422,ADGRE2
LOC113912561,ADORA3
LOC118520754,AFG1L
LOC118553004,AFG3L1
LOC118001936,AGPAT4
LOC116624465,AKR7A2
LOC113921530,ANKRD26
LOC118531793,ANO4
LOC118534256,ANTXR1
LOC113922550,APBB1IP
LOC115938903,ARID1B
LOC118006785,ARL15
LOC116628063,ARL6IP1
LOC118535431,ATF7IP
LOC118552913,ATP5F1C
LOC116640619,ATP5IF1
LOC118555619,ATP5MC2
LOC118522961,ATP6V0D2
LOC118550049,AUNIP
LOC110570788,AZI2
LOC113923354,BCCIP
LOC118549340,BCCIP
LOC116631052,BCS1L
LOC113933182,BEND5
LOC118548936,CA10
LOC118024203,CANT1
LOC116647050,CASP1
LOC118013166,CASP12
LOC118543055,CASP12
LOC118547041,CCDC22
LOC118543349,CCDC74B
LOC118025022,CCL4
LOC113938982,CD300H
LOC113922812,CECR2
LOC116623493,CECR2
LOC118548680,CENPVL3
LOC112837255,CIT
LOC116623576,CLEC4D
LOC112816310,CLEC4E
LOC113917796,CNBP
LOC113919597,COL1A1
LOC113926674,COL1A1
LOC118528049,COL1A1
LOC118542746,COL23A1
LOC118008863,COX14
LOC116633113,COX16
LOC113932762,COX20
LOC116623006,COX4I1
LOC113927896,COX5B
LOC116623323,COX6B1
LOC102748999,COX7B
LOC116639844,CRADD
LOC118534881,CST9L
LOC118535361,CTAGE9
LOC113934299,CUTA
LOC112830507,CUZD1
LOC116647944,CYB561
LOC102736536,CYB561A3
LOC116643735,CYB5A
LOC113926680,CYB5R3
LOC102736357,CYB5R4
LOC116646150,CYBB
LOC102743128,CYC1
LOC116630950,CYCS
LOC116632343,CYP20A1
LOC116630995,CYP27A1
LOC118554063,CYP2J2
LOC113924431,CYP4V2
LOC116631050,CYP51A1
LOC116627703,DDT
LOC118009396,DDX3X
LOC102730709,DGCR8
LOC115940526,DIP2C
LOC102730772,DISP1
LOC118018664,DNA2
LOC118521181,DNAJC15
LOC118534373,DNAJC16
LOC118534468,EBAG9
LOC113916696,ECE2
LOC118527055,EEF1A1
LOC113939266,EFCAB3
LOC118537262,EFCAB5
LOC118518473,EMC2
LOC118547832,EML5
LOC116629012,ERCC6
LOC118528877,ERVK-7
LOC113911016,FAIM2
LOC118530755,FER1L4
LOC102745409,FHIP1B
LOC116647135,FSIP2
LOC118538327,FTH1
LOC118007458,FTL
LOC118537510,FTL
LOC118526493,GABRA3
LOC118527125,GAL3ST4
LOC116644622,GBP1
LOC112839644,GCNT4
LOC118553845,GCNT7
LOC118550495,GGNBP1
LOC118541534,GLUL
LOC110581925,GP1
LOC116627723,GSTT1
LOC118525689,GSTT4
LOC116639788,H1-0
LOC116637041,H1FX
LOC113926870,H2BC4
LOC113928025,H4C1
LOC113931147,HCCS
LOC110586919,HLA-A
LOC116635708,HLA-DMB
LOC116635897,HLA-DOB
LOC118543559,HMG20A 
LOC118530957,HNRNPA1
LOC118545228,HNRNPA1
LOC116637616,HPF1
LOC116641168,HPRT1
LOC102725702,HSP90AB1
LOC110573534,Ifi203
LOC112810228,IFIH1
LOC116648427,IFIT1
LOC113923708,IFIT3
LOC113915280,IFITM3
LOC113936889,IGHG1
LOC112818366,IGHV4-61
LOC110587504,IGKV4-1
LOC117999759,IGLV3-25
LOC113917532,IL1RAP
LOC115942577,IL1RAP
LOC118524412,IL1RAPL2
LOC118543064,IL36B
LOC115943805,IQSEC3
LOC118011348,IRF8
LOC118006650,ITGA1
LOC113932134,ITGAX
LOC113931939,KIF28P
LOC118535645,KIR3DP1
LOC115938269,KLHL22
LOC116628990,KRR1
LOC118535633,LILRA5
LOC101373702,LILRA6
LOC113935900,LILRB5
LOC113929649,LNPEP
LOC115938001,LRP8
LOC118545882,LRRC37A3
LOC118554249,LRRC37A3
LOC118545787,Ly6g6e
LOC118012409,LY75
LOC102732108,MAF
LOC118000075,MAGED2
LOC118536897,MAGI2
LOC115938849,MAP1S
LOC113912685,MBP
LOC102734062,MCTP2
LOC118554761,MCUR1
LOC118523138,MED27
LOC118527373,MMP24
LOC118535717,MMP24
LOC118552387,MOV10L1
LOC118536234,MRPL42
LOC112839840,MRPS36
LOC113934023,MSMP
LOC113935019,MTAP
LOC116624192,MTHFS
LOC113913623,MTIF2
LOC113925896,MTIF2
LOC113927989,MTIF2
LOC116649505,MTIF2
LOC118538852,MTIF2
LOC116649163,MYH2
LOC118533387,MYL12A 
LOC116642705,MYL9
LOC118545021,MYZAP
LOC102748117,NAV1
LOC112837876,NHSL2
LOC113934343,NIPSNAP3A
LOC115943951,NKD1
LOC118530722,NRXN3
LOC118531614,NTN1
LOC118532620,OASL
LOC117998148,OPA3 
LOC102730295,OR10V1
LOC116646487,OR52I2
LOC118554434,ORM2
LOC113925522,PABPC1
LOC102730987,PAOX
LOC118540578,PCYT1B
LOC113922574,PDXP
LOC113927426,PHIP
LOC116648117,PIK3R3
LOC118547947,PLCE1
LOC118524416,PMEL
LOC113931963,PNMA6E
LOC113916130,PRB2
LOC118531253,PRKN
LOC113921867,PSAP
LOC112830349,PTPRE
LOC118025622,PTPRO
LOC116641192,RABGAP1
LOC116625346,RHOG
LOC114203837,RNA18S
LOC116629307,RPL10
LOC113909326,RPL10A
LOC118538662,RPL10A
LOC118546294,RPL10A
LOC118520690,RPL11
LOC118005818,RPL13A
LOC116635437,RPL17
LOC118553798,RPL29
LOC118541801,RPL30
LOC116623130,RPL36AL
LOC113914360,RPL6
LOC118531999,RPL7
LOC116630148,RPLP1
LOC102744677,RPS12
LOC116628061,RPS15A
LOC118535638,RPS24
LOC118553714,RPS27L
LOC117998239,RPS29
LOC102743567,RPS3
LOC118001950,RPS6KA2
LOC118529507,RPS6KA2
LOC118529246,RPSA
LOC118544001,RPSA
LOC116643745,RWDD4
LOC116634964,SAMD1
LOC118536957,SARNP
LOC116624221,SCAND2P
LOC118543868,SCO1
LOC116639938,SCO2
LOC113912299,SEH1L
LOC113909702,SERPINA6
LOC116636743,SETMAR
LOC118546622,SF3A2
LOC102734343,SIGIRR
LOC118552035,SLAMF9
LOC116643463,SLC25A24
LOC113938634,SLC4A1AP
LOC112815957,SMIM29
LOC113934080,SNRPG
LOC118530766,SNRPN
LOC113910097,SPART
LOC116645098,SR45
LOC118356070,SRRM3
LOC118548751,SSBP1
LOC118543232,STX12
LOC118528803,STXBP5L
LOC113931217,SUPT20H
LOC118533320,SUPT20H
LOC118006731,SYNPO
LOC115943045,SYTL1
LOC102733853,TAP2
LOC116624848,TCFL5
LOC102744306,TEX12
LOC113936541,TIMP1
LOC116647199,TM9SF2
LOC116625433,TMSB10
LOC118548615,TMSB10
LOC118553526,TNRC6C
LOC102738026,TOP3B
LOC113920736,TPI1
LOC113908991,TRAC
LOC114217830,TRAV16
LOC113909266,TRAV19
LOC114217862,TRAV22
LOC112822605,TRAV8-4
LOC114211779,TRBV12-4
LOC114211777,TRBV25-1
LOC114211774,TRBV27
LOC114211702,TRBV5-5
LOC118356144,TRGC1
LOC114202228,TRGC2
LOC116646387,TRIM34 
LOC113920371,TSPAN17
LOC118520117,TTC23L
LOC118540455,TUBB
LOC116629654,UBD
LOC116642222,UBE2D3
LOC118527099,UBE2L3
LOC116635684,UQCC2
LOC101372183,UQCRH
LOC116648074,UQCRH
LOC102740057,VEGFA
LOC116629188,VWA1
LOC118549006,VWA3A
LOC102728399,WIPI2
LOC118528217,WWP1
LOC113930311,XIAP
LOC113911218,ZC3HAV1
LOC118006279,ZDHHC11
LOC102739173,ZFP14
LOC118524622,ZFP28
LOC118356246,ZNF146
LOC116623263,ZNF181
LOC116636060,ZNF2
LOC116622319,ZNF234
LOC116626133,ZNF300
LOC116622258,ZNF324
LOC116648357,ZNF33B
LOC110581213,ZNF354A
LOC118022885,ZNF420
LOC118527188,ZNF497
LOC118518209,ZNF501
LOC110587272,ZNF514
LOC113938963,ZNF594
LOC116638018,ZNF596
LOC116629833,ZNF658B
LOC116622199,ZNF724
LOC114198984,ZNF735
LOC102746519,ZNF77
LOC116622037,ZNF773
LOC118530556,ZNF782
LOC118543250,ZNF84
LOC116649198,ZNF883
LOC115942229,ZSCAN12
LOC118551795,ACOT4
LOC118525495,ACSF2
LOC118540957,ACSM1
LOC118537604,PARP6
LOC118531215,AIFM1
LOC118518448,AK2
LOC118523712,AKAP10
LOC118553246,AKAP5
LOC116629150,ANHX
LOC118539542,ANO9
LOC118535754,APBB1IP
LOC118522381,ASXL2
LOC118542963,ATP10B
LOC118544857,ATXN3
LOC118540582,BBS10
LOC118541572,BBS9
LOC118544626,BCL2L11
LOC118520446,BIRC3
LOC118530941,BMS1
LOC118547876,BORCS7
LOC118519271,BRWD3
LOC118520270,CA8
LOC118538092,CAVIN3
LOC118538672,CCDC106
LOC118553435,CCL22
LOC118540432,CCND1
LOC118520850,CCT8L2
LOC118537146,CD46
LOC118540941,CD46
LOC118552107,CDC42
LOC115940183,CDKL1
LOC118518124,CEBPB
LOC118531420,CERT1
LOC118536278,CFAP299
LOC118523484,CIT
LOC118519670,CLECL1
LOC116645302,COL23A1
LOC118531389,CRNKL1
LOC118531640,CRTAP
LOC118543292,CTDSPL2
LOC118551614,CWC27
LOC118533543,CXXC5
LOC118545079,DCTN6
LOC118535811,DDX11
LOC118533061,DDX19B
LOC118550834,DDX42
LOC118545117,DHRSX
LOC118518088,DLGAP4
LOC118534719,DNASE1
LOC118534711,DPAGT1
LOC118531254,DPY19L4
LOC118544947,DRAM1
LOC118530060,E4F1
LOC118532703,EEF1A1
LOC118547909,EIF1
LOC118541457,ELMO1
LOC118519784,ENDOV
LOC118540457,EPC1
LOC118527744,ESD
LOC118554024,EZH2
LOC118545227,FAM120C
LOC118546753,FAM122B
LOC118546543,FAM214A
LOC118524210,FBXL19
LOC118523828,FGD5
LOC118551047,FOXK1
LOC110586567,FRMD4A
LOC118549649,FRMD4A
LOC118535207,FRMPD4
LOC118531717,FUNDC1
LOC118543919,FYN
LOC113918538,GATA2
LOC118536762,GDF15
LOC112827571,GNRH2
LOC118522552,HEG1
LOC118542410,Hsp40
LOC118539059,IGSF6
LOC118554054,INPP1
LOC118527632,ITCH
LOC118544007,ITGA6
LOC110581148,JMJD4
LOC118533408,JPT1
LOC118528337,KBTBD2
LOC118545222,KCNN4
LOC118519090,KCTD11
LOC118540542,KCTD13
LOC118543442,KIF13B
LOC118545459,KIF9
LOC118520735,LAMP2
LOC118546555,LARP7
LOC118531586,LCP2
LOC118530287,LMNTD2
LOC118542461,LRCH3
LOC118535715,MAP4K3
LOC118541016,MARK2
LOC113919395,MBD5
LOC118008599,MDM1
LOC118523108,MEF2C
LOC118536245,METRNL
LOC118524023,MFSD14B
LOC118550561,MLN
LOC118534841,MMADHC
LOC118555194,MTMR3
LOC118525494,MYCBPAP
LOC118527241,NAA15
LOC113912046,NAMPT
LOC118549116,NARS2
LOC118552522,NBDY
LOC118524470,NEB
LOC118521786,NECTIN1
LOC118550189,NFATC3
LOC118540927,NKAP
LOC102743469,NPTN
LOC118531670,NQO2
LOC118551336,NUP214
LOC118555204,OSM
LOC118550039,PAFAH2
LOC118529306,PARP11
LOC118536181,PCSK6
LOC118538509,PCYT1B
LOC113915457,PICALM
LOC118519226,PLCXD2
LOC118542703,PLEKHM1
LOC118533988,POLA1
LOC118531181,PPDPF
LOC118530645,PPP1R14D
LOC110572158,PPP3CA
LOC118549841,PROX2
LOC118531607,PTCD2
LOC118519217,PTGER1
LOC118539042,RAB44
LOC118551575,RAD51B
LOC118527137,RBBP4
LOC118532529,RBPMS2
LOC118542012,RELL1
LOC118530793,RHOBTB3
LOC118552277,RPRM
LOC118529506,RPS6KA2
LOC101366176,RTL8C
LOC118524285,SEC31A
LOC118518511,SETD3
LOC118524785,SLC25A37
LOC118537715,SLC35E1
LOC118532490,SMAD3
LOC118524897,SMPD2
LOC118533550,SMS
LOC118518313,SMU1
LOC118548038,SNRPN
LOC118552979,SPG7
LOC118520234,SPIB
LOC118520651,SPINK8
LOC118551563,ST3GAL5
LOC118518612,STAT4
LOC118549976,STK4
LOC118536813,STON2
LOC118544786,STX11
LOC118523018,STYXL1
LOC118542284,THAP1
LOC118534953,TLCD2
LOC118550853,TLK2
LOC118537349,TMA16
LOC118541990,TMEM11
LOC118548442,TMEM156
LOC118519579,TMEM167A
LOC118550225,TMEM50A
LOC118540358,TMSB4X
LOC118539395,TMTC4
LOC118547397,TNPO2
LOC118526968,TPRA1
LOC118518925,TRAPPC5
LOC118537825,TSC22D2
LOC118534865,UGCG
LOC113919361,UPF3A
LOC118534722,UPK2
LOC118527837,VAMP7
LOC118540483,WAC
LOC118530944,ZBTB20
LOC118549425,ZBTB42
LOC118544714,ZDHHC20
LOC118538473,ZFP62
LOC118538475,ZFP62
LOC118534538,ZKSCAN2
LOC118553467,ZNF133
LOC118522017,ZNF217
LOC118549505,ZNF22
LOC118549917,ZNF444
LOC118520215,ZNF529
LOC118547512,ZSCAN16
LOC118519190,ZSWIM4
LOC102729961,LOC102729961
LOC102732125,LOC102732125
LOC102739256,LOC102739256
LOC102745296,LOC102745296
LOC110581611,LOC110581611
LOC110591334,LOC110591334
LOC110592344,LOC110592344
LOC112810417,LOC112810417
LOC112814133,LOC112814133
LOC112814303,LOC112814303
LOC112822260,LOC112822260
LOC112826918,LOC112826918
LOC112828999,LOC112828999
LOC112838220,LOC112838220
LOC112840031,LOC112840031
LOC113907928,LOC113907928
LOC113908237,LOC113908237
LOC113908562,LOC113908562
LOC113909134,LOC113909134
LOC113909566,LOC113909566
LOC113910432,LOC113910432
LOC113910968,LOC113910968
LOC113911142,LOC113911142
LOC113911213,LOC113911213
LOC113911348,LOC113911348
LOC113911386,LOC113911386
LOC113911521,LOC113911521
LOC113911678,LOC113911678
LOC113911754,LOC113911754
LOC113912260,LOC113912260
LOC113912462,LOC113912462
LOC113912596,LOC113912596
LOC113912950,LOC113912950
LOC113913918,LOC113913918
LOC113914157,LOC113914157
LOC113914202,LOC113914202
LOC113914941,LOC113914941
LOC113914992,LOC113914992
LOC113915226,LOC113915226
LOC113915472,LOC113915472
LOC113916720,LOC113916720
LOC113917027,LOC113917027
LOC113917651,LOC113917651
LOC113918413,LOC113918413
LOC113918535,LOC113918535
LOC113918564,LOC113918564
LOC113918929,LOC113918929
LOC113919938,LOC113919938
LOC113919949,LOC113919949
LOC113920445,LOC113920445
LOC113920497,LOC113920497
LOC113920853,LOC113920853
LOC113920908,LOC113920908
LOC113920939,LOC113920939
LOC113921385,LOC113921385
LOC113921492,LOC113921492
LOC113923385,LOC113923385
LOC113923809,LOC113923809
LOC113924091,LOC113924091
LOC113924177,LOC113924177
LOC113924338,LOC113924338
LOC113924590,LOC113924590
LOC113924591,LOC113924591
LOC113924686,LOC113924686
LOC113925202,LOC113925202
LOC113925801,LOC113925801
LOC113925850,LOC113925850
LOC113926427,LOC113926427
LOC113926567,LOC113926567
LOC113926633,LOC113926633
LOC113928922,LOC113928922
LOC113929282,LOC113929282
LOC113929331,LOC113929331
LOC113929375,LOC113929375
LOC113929787,LOC113929787
LOC113929883,LOC113929883
LOC113930175,LOC113930175
LOC113930622,LOC113930622
LOC113930857,LOC113930857
LOC113931171,LOC113931171
LOC113931500,LOC113931500
LOC113932162,LOC113932162
LOC113932226,LOC113932226
LOC113932704,LOC113932704
LOC113932901,LOC113932901
LOC113933014,LOC113933014
LOC113933065,LOC113933065
LOC113933423,LOC113933423
LOC113935666,LOC113935666
LOC113935996,LOC113935996
LOC113936141,LOC113936141
LOC113936715,LOC113936715
LOC113937050,LOC113937050
LOC113937145,LOC113937145
LOC113937228,LOC113937228
LOC113937242,LOC113937242
LOC113937950,LOC113937950
LOC113937985,LOC113937985
LOC113938085,LOC113938085
LOC113938225,LOC113938225
LOC114201254,LOC114201254
LOC114202135,LOC114202135
LOC114202347,LOC114202347
LOC114203865,LOC114203865
LOC114209668,LOC114209668
LOC114210765,LOC114210765
LOC114211496,LOC114211496
LOC114211627,LOC114211627
LOC114216044,LOC114216044
LOC114217831,LOC114217831
LOC114221650,LOC114221650
LOC115936867,LOC115936867
LOC115937179,LOC115937179
LOC115937200,LOC115937200
LOC115937479,LOC115937479
LOC115938510,LOC115938510
LOC115938526,LOC115938526
LOC115938790,LOC115938790
LOC115938950,LOC115938950
LOC115941223,LOC115941223
LOC115941678,LOC115941678
LOC115941882,LOC115941882
LOC115941930,LOC115941930
LOC115942297,LOC115942297
LOC115942458,LOC115942458
LOC115942476,LOC115942476
LOC115944139,LOC115944139
LOC115944353,LOC115944353
LOC115944389,LOC115944389
LOC115944681,LOC115944681
LOC115944803,LOC115944803
LOC115944821,LOC115944821
LOC115945134,LOC115945134
LOC116621816,LOC116621816
LOC116622056,LOC116622056
LOC116623382,LOC116623382
LOC116623433,LOC116623433
LOC116623756,LOC116623756
LOC116625232,LOC116625232
LOC116626299,LOC116626299
LOC116626315,LOC116626315
LOC116626472,LOC116626472
LOC116628887,LOC116628887
LOC116629422,LOC116629422
LOC116629971,LOC116629971
LOC116630613,LOC116630613
LOC116630708,LOC116630708
LOC116630770,LOC116630770
LOC116631544,LOC116631544
LOC116631659,LOC116631659
LOC116632176,LOC116632176
LOC116632327,LOC116632327
LOC116632401,LOC116632401
LOC116633206,LOC116633206
LOC116634621,LOC116634621
LOC116635064,LOC116635064
LOC116636134,LOC116636134
LOC116636255,LOC116636255
LOC116637093,LOC116637093
LOC116637620,LOC116637620
LOC116638345,LOC116638345
LOC116639244,LOC116639244
LOC116640389,LOC116640389
LOC116648333,LOC116648333
LOC116648911,LOC116648911
LOC116648987,LOC116648987
LOC117997406,LOC117997406
LOC117997540,LOC117997540
LOC117999121,LOC117999121
LOC117999317,LOC117999317
LOC118002583,LOC118002583
LOC118004223,LOC118004223
LOC118004613,LOC118004613
LOC118012965,LOC118012965
LOC118014266,LOC118014266
LOC118016552,LOC118016552
LOC118020087,LOC118020087
LOC118021831,LOC118021831
LOC118022138,LOC118022138
LOC118022892,LOC118022892
LOC118026432,LOC118026432
LOC118356367,LOC118356367
LOC118518172,LOC118518172
LOC118518184,LOC118518184
LOC118518198,LOC118518198
LOC118518304,LOC118518304
LOC118518307,LOC118518307
LOC118518343,LOC118518343
LOC118518359,LOC118518359
LOC118518406,LOC118518406
LOC118518550,LOC118518550
LOC118518564,LOC118518564
LOC118518566,LOC118518566
LOC118518592,LOC118518592
LOC118518613,LOC118518613
LOC118519044,LOC118519044
LOC118519049,LOC118519049
LOC118519050,LOC118519050
LOC118519051,LOC118519051
LOC118519106,LOC118519106
LOC118519147,LOC118519147
LOC118519168,LOC118519168
LOC118519169,LOC118519169
LOC118519191,LOC118519191
LOC118519216,LOC118519216
LOC118519303,LOC118519303
LOC118519356,LOC118519356
LOC118519358,LOC118519358
LOC118519491,LOC118519491
LOC118519529,LOC118519529
LOC118519559,LOC118519559
LOC118519581,LOC118519581
LOC118519601,LOC118519601
LOC118519604,LOC118519604
LOC118519605,LOC118519605
LOC118519792,LOC118519792
LOC118519971,LOC118519971
LOC118520058,LOC118520058
LOC118520090,LOC118520090
LOC118520103,LOC118520103
LOC118520440,LOC118520440
LOC118520457,LOC118520457
LOC118520615,LOC118520615
LOC118520706,LOC118520706
LOC118520738,LOC118520738
LOC118520785,LOC118520785
LOC118520826,LOC118520826
LOC118520908,LOC118520908
LOC118520953,LOC118520953
LOC118521210,LOC118521210
LOC118521243,LOC118521243
LOC118521275,LOC118521275
LOC118521277,LOC118521277
LOC118521537,LOC118521537
LOC118521558,LOC118521558
LOC118521576,LOC118521576
LOC118521708,LOC118521708
LOC118521761,LOC118521761
LOC118521811,LOC118521811
LOC118521862,LOC118521862
LOC118522014,LOC118522014
LOC118522018,LOC118522018
LOC118522022,LOC118522022
LOC118522109,LOC118522109
LOC118522388,LOC118522388
LOC118522396,LOC118522396
LOC118522472,LOC118522472
LOC118522502,LOC118522502
LOC118522600,LOC118522600
LOC118522812,LOC118522812
LOC118522846,LOC118522846
LOC118522850,LOC118522850
LOC118522854,LOC118522854
LOC118522860,LOC118522860
LOC118522873,LOC118522873
LOC118522890,LOC118522890
LOC118523034,LOC118523034
LOC118523051,LOC118523051
LOC118523053,LOC118523053
LOC118523060,LOC118523060
LOC118523088,LOC118523088
LOC118523235,LOC118523235
LOC118523441,LOC118523441
LOC118523442,LOC118523442
LOC118523532,LOC118523532
LOC118523652,LOC118523652
LOC118523706,LOC118523706
LOC118523836,LOC118523836
LOC118523911,LOC118523911
LOC118523922,LOC118523922
LOC118523925,LOC118523925
LOC118524015,LOC118524015
LOC118524028,LOC118524028
LOC118524163,LOC118524163
LOC118524196,LOC118524196
LOC118524247,LOC118524247
LOC118524347,LOC118524347
LOC118524350,LOC118524350
LOC118524405,LOC118524405
LOC118524449,LOC118524449
LOC118524501,LOC118524501
LOC118524502,LOC118524502
LOC118524503,LOC118524503
LOC118524544,LOC118524544
LOC118524559,LOC118524559
LOC118524564,LOC118524564
LOC118524634,LOC118524634
LOC118524664,LOC118524664
LOC118524692,LOC118524692
LOC118524850,LOC118524850
LOC118524887,LOC118524887
LOC118524899,LOC118524899
LOC118525032,LOC118525032
LOC118525063,LOC118525063
LOC118525083,LOC118525083
LOC118525338,LOC118525338
LOC118525415,LOC118525415
LOC118525436,LOC118525436
LOC118525662,LOC118525662
LOC118525906,LOC118525906
LOC118526033,LOC118526033
LOC118526129,LOC118526129
LOC118526173,LOC118526173
LOC118526183,LOC118526183
LOC118526255,LOC118526255
LOC118526256,LOC118526256
LOC118526273,LOC118526273
LOC118526397,LOC118526397
LOC118526398,LOC118526398
LOC118526406,LOC118526406
LOC118526441,LOC118526441
LOC118526446,LOC118526446
LOC118526522,LOC118526522
LOC118526693,LOC118526693
LOC118526760,LOC118526760
LOC118526776,LOC118526776
LOC118526794,LOC118526794
LOC118526846,LOC118526846
LOC118526915,LOC118526915
LOC118526945,LOC118526945
LOC118527006,LOC118527006
LOC118527012,LOC118527012
LOC118527027,LOC118527027
LOC118527051,LOC118527051
LOC118527059,LOC118527059
LOC118527083,LOC118527083
LOC118527174,LOC118527174
LOC118527259,LOC118527259
LOC118527378,LOC118527378
LOC118527386,LOC118527386
LOC118527507,LOC118527507
LOC118527510,LOC118527510
LOC118527531,LOC118527531
LOC118527568,LOC118527568
LOC118527572,LOC118527572
LOC118527595,LOC118527595
LOC118527687,LOC118527687
LOC118527820,LOC118527820
LOC118527886,LOC118527886
LOC118527923,LOC118527923
LOC118527924,LOC118527924
LOC118527978,LOC118527978
LOC118528035,LOC118528035
LOC118528041,LOC118528041
LOC118528111,LOC118528111
LOC118528112,LOC118528112
LOC118528329,LOC118528329
LOC118528331,LOC118528331
LOC118528358,LOC118528358
LOC118528376,LOC118528376
LOC118528402,LOC118528402
LOC118528436,LOC118528436
LOC118528453,LOC118528453
LOC118528476,LOC118528476
LOC118528540,LOC118528540
LOC118528545,LOC118528545
LOC118528547,LOC118528547
LOC118528560,LOC118528560
LOC118528643,LOC118528643
LOC118528654,LOC118528654
LOC118528690,LOC118528690
LOC118528942,LOC118528942
LOC118528991,LOC118528991
LOC118529080,LOC118529080
LOC118529158,LOC118529158
LOC118529180,LOC118529180
LOC118529198,LOC118529198
LOC118529290,LOC118529290
LOC118529370,LOC118529370
LOC118529402,LOC118529402
LOC118529413,LOC118529413
LOC118529516,LOC118529516
LOC118529521,LOC118529521
LOC118529595,LOC118529595
LOC118529628,LOC118529628
LOC118529808,LOC118529808
LOC118529881,LOC118529881
LOC118530069,LOC118530069
LOC118530199,LOC118530199
LOC118530288,LOC118530288
LOC118530302,LOC118530302
LOC118530308,LOC118530308
LOC118530433,LOC118530433
LOC118530440,LOC118530440
LOC118530442,LOC118530442
LOC118530458,LOC118530458
LOC118530594,LOC118530594
LOC118530602,LOC118530602
LOC118530606,LOC118530606
LOC118530776,LOC118530776
LOC118530831,LOC118530831
LOC118530968,LOC118530968
LOC118531004,LOC118531004
LOC118531064,LOC118531064
LOC118531072,LOC118531072
LOC118531110,LOC118531110
LOC118531163,LOC118531163
LOC118531250,LOC118531250
LOC118531261,LOC118531261
LOC118531288,LOC118531288
LOC118531290,LOC118531290
LOC118531295,LOC118531295
LOC118531323,LOC118531323
LOC118531342,LOC118531342
LOC118531363,LOC118531363
LOC118531469,LOC118531469
LOC118531580,LOC118531580
LOC118531581,LOC118531581
LOC118531582,LOC118531582
LOC118531657,LOC118531657
LOC118531668,LOC118531668
LOC118531671,LOC118531671
LOC118531699,LOC118531699
LOC118531761,LOC118531761
LOC118531762,LOC118531762
LOC118531779,LOC118531779
LOC118531840,LOC118531840
LOC118531852,LOC118531852
LOC118531853,LOC118531853
LOC118531855,LOC118531855
LOC118531886,LOC118531886
LOC118531898,LOC118531898
LOC118531919,LOC118531919
LOC118531941,LOC118531941
LOC118531951,LOC118531951
LOC118532022,LOC118532022
LOC118532041,LOC118532041
LOC118532087,LOC118532087
LOC118532100,LOC118532100
LOC118532198,LOC118532198
LOC118532236,LOC118532236
LOC118532241,LOC118532241
LOC118532250,LOC118532250
LOC118532308,LOC118532308
LOC118532445,LOC118532445
LOC118532544,LOC118532544
LOC118532607,LOC118532607
LOC118532608,LOC118532608
LOC118532617,LOC118532617
LOC118532649,LOC118532649
LOC118532664,LOC118532664
LOC118532794,LOC118532794
LOC118532895,LOC118532895
LOC118532903,LOC118532903
LOC118533034,LOC118533034
LOC118533059,LOC118533059
LOC118533099,LOC118533099
LOC118533124,LOC118533124
LOC118533146,LOC118533146
LOC118533195,LOC118533195
LOC118533228,LOC118533228
LOC118533267,LOC118533267
LOC118533319,LOC118533319
LOC118533324,LOC118533324
LOC118533328,LOC118533328
LOC118533375,LOC118533375
LOC118533377,LOC118533377
LOC118533426,LOC118533426
LOC118533621,LOC118533621
LOC118533622,LOC118533622
LOC118533633,LOC118533633
LOC118533704,LOC118533704
LOC118533715,LOC118533715
LOC118533929,LOC118533929
LOC118534055,LOC118534055
LOC118534108,LOC118534108
LOC118534214,LOC118534214
LOC118534224,LOC118534224
LOC118534233,LOC118534233
LOC118534292,LOC118534292
LOC118534298,LOC118534298
LOC118534359,LOC118534359
LOC118534381,LOC118534381
LOC118534423,LOC118534423
LOC118534488,LOC118534488
LOC118534534,LOC118534534
LOC118534543,LOC118534543
LOC118534560,LOC118534560
LOC118534642,LOC118534642
LOC118534648,LOC118534648
LOC118534688,LOC118534688
LOC118534724,LOC118534724
LOC118534770,LOC118534770
LOC118534774,LOC118534774
LOC118534866,LOC118534866
LOC118534914,LOC118534914
LOC118534984,LOC118534984
LOC118534987,LOC118534987
LOC118534995,LOC118534995
LOC118535006,LOC118535006
LOC118535130,LOC118535130
LOC118535162,LOC118535162
LOC118535191,LOC118535191
LOC118535204,LOC118535204
LOC118535205,LOC118535205
LOC118535227,LOC118535227
LOC118535232,LOC118535232
LOC118535283,LOC118535283
LOC118535301,LOC118535301
LOC118535482,LOC118535482
LOC118535487,LOC118535487
LOC118535488,LOC118535488
LOC118535592,LOC118535592
LOC118535634,LOC118535634
LOC118535674,LOC118535674
LOC118535689,LOC118535689
LOC118535763,LOC118535763
LOC118535815,LOC118535815
LOC118535890,LOC118535890
LOC118536026,LOC118536026
LOC118536293,LOC118536293
LOC118536353,LOC118536353
LOC118536431,LOC118536431
LOC118536466,LOC118536466
LOC118536534,LOC118536534
LOC118536535,LOC118536535
LOC118536564,LOC118536564
LOC118536776,LOC118536776
LOC118536777,LOC118536777
LOC118536796,LOC118536796
LOC118536872,LOC118536872
LOC118536927,LOC118536927
LOC118536934,LOC118536934
LOC118536954,LOC118536954
LOC118536989,LOC118536989
LOC118537067,LOC118537067
LOC118537069,LOC118537069
LOC118537138,LOC118537138
LOC118537180,LOC118537180
LOC118537248,LOC118537248
LOC118537250,LOC118537250
LOC118537251,LOC118537251
LOC118537363,LOC118537363
LOC118537384,LOC118537384
LOC118537418,LOC118537418
LOC118537479,LOC118537479
LOC118537501,LOC118537501
LOC118537681,LOC118537681
LOC118537720,LOC118537720
LOC118537781,LOC118537781
LOC118537783,LOC118537783
LOC118537908,LOC118537908
LOC118537909,LOC118537909
LOC118537915,LOC118537915
LOC118537921,LOC118537921
LOC118537922,LOC118537922
LOC118537986,LOC118537986
LOC118538137,LOC118538137
LOC118538207,LOC118538207
LOC118538370,LOC118538370
LOC118538474,LOC118538474
LOC118538498,LOC118538498
LOC118538596,LOC118538596
LOC118538597,LOC118538597
LOC118538648,LOC118538648
LOC118538709,LOC118538709
LOC118538823,LOC118538823
LOC118538995,LOC118538995
LOC118538997,LOC118538997
LOC118539047,LOC118539047
LOC118539050,LOC118539050
LOC118539127,LOC118539127
LOC118539179,LOC118539179
LOC118539180,LOC118539180
LOC118539185,LOC118539185
LOC118539190,LOC118539190
LOC118539202,LOC118539202
LOC118539214,LOC118539214
LOC118539230,LOC118539230
LOC118539261,LOC118539261
LOC118539275,LOC118539275
LOC118539282,LOC118539282
LOC118539318,LOC118539318
LOC118539323,LOC118539323
LOC118539363,LOC118539363
LOC118539418,LOC118539418
LOC118539421,LOC118539421
LOC118539438,LOC118539438
LOC118539498,LOC118539498
LOC118539581,LOC118539581
LOC118539628,LOC118539628
LOC118539631,LOC118539631
LOC118539654,LOC118539654
LOC118539710,LOC118539710
LOC118539753,LOC118539753
LOC118539754,LOC118539754
LOC118539755,LOC118539755
LOC118539846,LOC118539846
LOC118539898,LOC118539898
LOC118539911,LOC118539911
LOC118539921,LOC118539921
LOC118539986,LOC118539986
LOC118539998,LOC118539998
LOC118540160,LOC118540160
LOC118540187,LOC118540187
LOC118540223,LOC118540223
LOC118540255,LOC118540255
LOC118540289,LOC118540289
LOC118540334,LOC118540334
LOC118540357,LOC118540357
LOC118540461,LOC118540461
LOC118540522,LOC118540522
LOC118540583,LOC118540583
LOC118540584,LOC118540584
LOC118540639,LOC118540639
LOC118540693,LOC118540693
LOC118540798,LOC118540798
LOC118540837,LOC118540837
LOC118540839,LOC118540839
LOC118540862,LOC118540862
LOC118540894,LOC118540894
LOC118540964,LOC118540964
LOC118540971,LOC118540971
LOC118541046,LOC118541046
LOC118541201,LOC118541201
LOC118541270,LOC118541270
LOC118541368,LOC118541368
LOC118541415,LOC118541415
LOC118541451,LOC118541451
LOC118541456,LOC118541456
LOC118541464,LOC118541464
LOC118541488,LOC118541488
LOC118541514,LOC118541514
LOC118541558,LOC118541558
LOC118541760,LOC118541760
LOC118541775,LOC118541775
LOC118541778,LOC118541778
LOC118541846,LOC118541846
LOC118541864,LOC118541864
LOC118542169,LOC118542169
LOC118542213,LOC118542213
LOC118542222,LOC118542222
LOC118542226,LOC118542226
LOC118542241,LOC118542241
LOC118542265,LOC118542265
LOC118542373,LOC118542373
LOC118542386,LOC118542386
LOC118542430,LOC118542430
LOC118542441,LOC118542441
LOC118542451,LOC118542451
LOC118542487,LOC118542487
LOC118542526,LOC118542526
LOC118542534,LOC118542534
LOC118542547,LOC118542547
LOC118542640,LOC118542640
LOC118542662,LOC118542662
LOC118542675,LOC118542675
LOC118542676,LOC118542676
LOC118542757,LOC118542757
LOC118542814,LOC118542814
LOC118542832,LOC118542832
LOC118542836,LOC118542836
LOC118542975,LOC118542975
LOC118542986,LOC118542986
LOC118542988,LOC118542988
LOC118542999,LOC118542999
LOC118543102,LOC118543102
LOC118543103,LOC118543103
LOC118543135,LOC118543135
LOC118543342,LOC118543342
LOC118543370,LOC118543370
LOC118543506,LOC118543506
LOC118543510,LOC118543510
LOC118543525,LOC118543525
LOC118543592,LOC118543592
LOC118543699,LOC118543699
LOC118543781,LOC118543781
LOC118543832,LOC118543832
LOC118543941,LOC118543941
LOC118544069,LOC118544069
LOC118544071,LOC118544071
LOC118544092,LOC118544092
LOC118544097,LOC118544097
LOC118544174,LOC118544174
LOC118544184,LOC118544184
LOC118544229,LOC118544229
LOC118544473,LOC118544473
LOC118544610,LOC118544610
LOC118544625,LOC118544625
LOC118544640,LOC118544640
LOC118544917,LOC118544917
LOC118544918,LOC118544918
LOC118544951,LOC118544951
LOC118544994,LOC118544994
LOC118545011,LOC118545011
LOC118545056,LOC118545056
LOC118545072,LOC118545072
LOC118545152,LOC118545152
LOC118545292,LOC118545292
LOC118545295,LOC118545295
LOC118545298,LOC118545298
LOC118545326,LOC118545326
LOC118545388,LOC118545388
LOC118545421,LOC118545421
LOC118545495,LOC118545495
LOC118545547,LOC118545547
LOC118545625,LOC118545625
LOC118545651,LOC118545651
LOC118545704,LOC118545704
LOC118545752,LOC118545752
LOC118545919,LOC118545919
LOC118545924,LOC118545924
LOC118545939,LOC118545939
LOC118545940,LOC118545940
LOC118545962,LOC118545962
LOC118545964,LOC118545964
LOC118546054,LOC118546054
LOC118546069,LOC118546069
LOC118546078,LOC118546078
LOC118546079,LOC118546079
LOC118546089,LOC118546089
LOC118546117,LOC118546117
LOC118546260,LOC118546260
LOC118546420,LOC118546420
LOC118546474,LOC118546474
LOC118546490,LOC118546490
LOC118546708,LOC118546708
LOC118546726,LOC118546726
LOC118546825,LOC118546825
LOC118546863,LOC118546863
LOC118546929,LOC118546929
LOC118546964,LOC118546964
LOC118546965,LOC118546965
LOC118546970,LOC118546970
LOC118547063,LOC118547063
LOC118547082,LOC118547082
LOC118547097,LOC118547097
LOC118547160,LOC118547160
LOC118547161,LOC118547161
LOC118547163,LOC118547163
LOC118547222,LOC118547222
LOC118547277,LOC118547277
LOC118547362,LOC118547362
LOC118547399,LOC118547399
LOC118547593,LOC118547593
LOC118547604,LOC118547604
LOC118547710,LOC118547710
LOC118547723,LOC118547723
LOC118547785,LOC118547785
LOC118547852,LOC118547852
LOC118548128,LOC118548128
LOC118548319,LOC118548319
LOC118548524,LOC118548524
LOC118548640,LOC118548640
LOC118548646,LOC118548646
LOC118548905,LOC118548905
LOC118548911,LOC118548911
LOC118548959,LOC118548959
LOC118549040,LOC118549040
LOC118549162,LOC118549162
LOC118549201,LOC118549201
LOC118549231,LOC118549231
LOC118549290,LOC118549290
LOC118549305,LOC118549305
LOC118549318,LOC118549318
LOC118549320,LOC118549320
LOC118549328,LOC118549328
LOC118549387,LOC118549387
LOC118549408,LOC118549408
LOC118549525,LOC118549525
LOC118549656,LOC118549656
LOC118549754,LOC118549754
LOC118549782,LOC118549782
LOC118549786,LOC118549786
LOC118549834,LOC118549834
LOC118549918,LOC118549918
LOC118550064,LOC118550064
LOC118550150,LOC118550150
LOC118550232,LOC118550232
LOC118550247,LOC118550247
LOC118550466,LOC118550466
LOC118550595,LOC118550595
LOC118550742,LOC118550742
LOC118550785,LOC118550785
LOC118550788,LOC118550788
LOC118550835,LOC118550835
LOC118550868,LOC118550868
LOC118550929,LOC118550929
LOC118550965,LOC118550965
LOC118550999,LOC118550999
LOC118551000,LOC118551000
LOC118551049,LOC118551049
LOC118551051,LOC118551051
LOC118551083,LOC118551083
LOC118551236,LOC118551236
LOC118551289,LOC118551289
LOC118551300,LOC118551300
LOC118551351,LOC118551351
LOC118551454,LOC118551454
LOC118551535,LOC118551535
LOC118551562,LOC118551562
LOC118551583,LOC118551583
LOC118551588,LOC118551588
LOC118551653,LOC118551653
LOC118551734,LOC118551734
LOC118551736,LOC118551736
LOC118551797,LOC118551797
LOC118551873,LOC118551873
LOC118551903,LOC118551903
LOC118551942,LOC118551942
LOC118552004,LOC118552004
LOC118552109,LOC118552109
LOC118552115,LOC118552115
LOC118552124,LOC118552124
LOC118552230,LOC118552230
LOC118552231,LOC118552231
LOC118552260,LOC118552260
LOC118552263,LOC118552263
LOC118552312,LOC118552312
LOC118552313,LOC118552313
LOC118552314,LOC118552314
LOC118552378,LOC118552378
LOC118552397,LOC118552397
LOC118552561,LOC118552561
LOC118552563,LOC118552563
LOC118552632,LOC118552632
LOC118552807,LOC118552807
LOC118552832,LOC118552832
LOC118552895,LOC118552895
LOC118552978,LOC118552978
LOC118552988,LOC118552988
LOC118553030,LOC118553030
LOC118553049,LOC118553049
LOC118553062,LOC118553062
LOC118553082,LOC118553082
LOC118553332,LOC118553332
LOC118553352,LOC118553352
LOC118553368,LOC118553368
LOC118553384,LOC118553384
LOC118553385,LOC118553385
LOC118553390,LOC118553390
LOC118553402,LOC118553402
LOC118553414,LOC118553414
LOC118553466,LOC118553466
LOC118553545,LOC118553545
LOC118553553,LOC118553553
LOC118553625,LOC118553625
LOC118553646,LOC118553646
LOC118553777,LOC118553777
LOC118553831,LOC118553831
LOC118553860,LOC118553860
LOC118553877,LOC118553877
LOC118553888,LOC118553888
LOC118553890,LOC118553890
LOC118554021,LOC118554021
LOC118554055,LOC118554055
LOC118554105,LOC118554105
LOC118554123,LOC118554123
LOC118554193,LOC118554193
LOC118554309,LOC118554309
LOC118554512,LOC118554512
LOC118554643,LOC118554643
LOC118554664,LOC118554664
LOC118554802,LOC118554802
LOC118554826,LOC118554826
LOC118554928,LOC118554928
LOC118554990,LOC118554990
LOC118555064,LOC118555064
LOC118555180,LOC118555180
LOC118555206,LOC118555206
LOC118555286,LOC118555286
LOC118555336,LOC118555336
LOC118555338,LOC118555338
LOC118555341,LOC118555341
LOC118555355,LOC118555355
LOC118555447,LOC118555447
LOC118555498,LOC118555498
LOC118555528,LOC118555528
LOC118555554,LOC118555554
LOC118555595,LOC118555595
LOC118555620,LOC118555620
LOC118555692,LOC118555692
LOC118555800,LOC118555800
LOC118555802,LOC118555802
LOC118555803,LOC118555803
LOC118555811,LOC118555811
LOC118555906,LOC118555906
LOC118555908,LOC118555908
LOC118555988,LOC118555988
LOC102750724,LOC102750724
LOC110583938,LOC110583938
LOC110584100,LOC110584100
LOC112816222,LOC112816222
LOC112817888,LOC112817888
LOC112818839,LOC112818839
LOC112822411,LOC112822411
LOC112839112,LOC112839112
LOC113913937,LOC113913937
LOC113921415,LOC113921415
LOC113926896,LOC113926896
LOC113939884,LOC113939884
LOC114198386,LOC114198386
LOC114203504,LOC114203504
LOC114205873,LOC114205873
LOC114206132,LOC114206132
LOC114206765,LOC114206765
LOC114219013,LOC114219013
LOC114222116,LOC114222116
LOC115940367,LOC115940367
LOC115941092,LOC115941092
LOC115941313,LOC115941313
LOC115941741,LOC115941741
LOC115941992,LOC115941992
LOC115942424,LOC115942424
LOC115943126,LOC115943126
LOC115943143,LOC115943143
LOC115943511,LOC115943511
LOC116621801,LOC116621801
LOC116622085,LOC116622085
LOC116626074,LOC116626074
LOC116630902,LOC116630902
LOC116633090,LOC116633090
LOC116634599,LOC116634599
LOC116635152,LOC116635152
LOC116635678,LOC116635678
LOC116637244,LOC116637244
LOC116639157,LOC116639157
LOC116639867,LOC116639867
LOC116641741,LOC116641741
LOC116641749,LOC116641749
LOC116642905,LOC116642905
LOC116643091,LOC116643091
LOC116643397,LOC116643397
LOC116643438,LOC116643438
LOC116643793,LOC116643793
LOC116644480,LOC116644480
LOC116645136,LOC116645136
LOC116646562,LOC116646562
LOC116647939,LOC116647939
LOC116649031,LOC116649031
LOC116649306,LOC116649306
LOC117997938,LOC117997938
LOC117999761,LOC117999761
LOC118000982,LOC118000982
LOC118009913,LOC118009913
LOC118016015,LOC118016015
LOC118016619,LOC118016619
LOC118020047,LOC118020047
LOC118021096,LOC118021096
LOC118023477,LOC118023477
LOC118026945,LOC118026945
LOC118356001,LOC118356001
LOC118518125,LOC118518125
LOC118518128,LOC118518128
LOC118518182,LOC118518182
LOC118518260,LOC118518260
LOC118518265,LOC118518265
LOC118518586,LOC118518586
LOC118518697,LOC118518697
LOC118518704,LOC118518704
LOC118518889,LOC118518889
LOC118519002,LOC118519002
LOC118519030,LOC118519030
LOC118519045,LOC118519045
LOC118519178,LOC118519178
LOC118519187,LOC118519187
LOC118519203,LOC118519203
LOC118519247,LOC118519247
LOC118519600,LOC118519600
LOC118519633,LOC118519633
LOC118519669,LOC118519669
LOC118519834,LOC118519834
LOC118520057,LOC118520057
LOC118520068,LOC118520068
LOC118520506,LOC118520506
LOC118520561,LOC118520561
LOC118520614,LOC118520614
LOC118520793,LOC118520793
LOC118520956,LOC118520956
LOC118521136,LOC118521136
LOC118521212,LOC118521212
LOC118521318,LOC118521318
LOC118521388,LOC118521388
LOC118521436,LOC118521436
LOC118521504,LOC118521504
LOC118521559,LOC118521559
LOC118521706,LOC118521706
LOC118521741,LOC118521741
LOC118522166,LOC118522166
LOC118522269,LOC118522269
LOC118522350,LOC118522350
LOC118522357,LOC118522357
LOC118522405,LOC118522405
LOC118522556,LOC118522556
LOC118522613,LOC118522613
LOC118522813,LOC118522813
LOC118522820,LOC118522820
LOC118522956,LOC118522956
LOC118523052,LOC118523052
LOC118523232,LOC118523232
LOC118523272,LOC118523272
LOC118523577,LOC118523577
LOC118523655,LOC118523655
LOC118523725,LOC118523725
LOC118523874,LOC118523874
LOC118523887,LOC118523887
LOC118523927,LOC118523927
LOC118523942,LOC118523942
LOC118524005,LOC118524005
LOC118524140,LOC118524140
LOC118524217,LOC118524217
LOC118524253,LOC118524253
LOC118524267,LOC118524267
LOC118524325,LOC118524325
LOC118524348,LOC118524348
LOC118524362,LOC118524362
LOC118524408,LOC118524408
LOC118524421,LOC118524421
LOC118524525,LOC118524525
LOC118524786,LOC118524786
LOC118524799,LOC118524799
LOC118524843,LOC118524843
LOC118525012,LOC118525012
LOC118525034,LOC118525034
LOC118525208,LOC118525208
LOC118525400,LOC118525400
LOC118525424,LOC118525424
LOC118525442,LOC118525442
LOC118525760,LOC118525760
LOC118525915,LOC118525915
LOC118526017,LOC118526017
LOC118526059,LOC118526059
LOC118526118,LOC118526118
LOC118526295,LOC118526295
LOC118526383,LOC118526383
LOC118526922,LOC118526922
LOC118526923,LOC118526923
LOC118526962,LOC118526962
LOC118527000,LOC118527000
LOC118527263,LOC118527263
LOC118527333,LOC118527333
LOC118527346,LOC118527346
LOC118527387,LOC118527387
LOC118527580,LOC118527580
LOC118527582,LOC118527582
LOC118527583,LOC118527583
LOC118527710,LOC118527710
LOC118527850,LOC118527850
LOC118527925,LOC118527925
LOC118527968,LOC118527968
LOC118528013,LOC118528013
LOC118528034,LOC118528034
LOC118528080,LOC118528080
LOC118528430,LOC118528430
LOC118528673,LOC118528673
LOC118528821,LOC118528821
LOC118529160,LOC118529160
LOC118529213,LOC118529213
LOC118529283,LOC118529283
LOC118529350,LOC118529350
LOC118529400,LOC118529400
LOC118529594,LOC118529594
LOC118529600,LOC118529600
LOC118529771,LOC118529771
LOC118529977,LOC118529977
LOC118530057,LOC118530057
LOC118530089,LOC118530089
LOC118530131,LOC118530131
LOC118530133,LOC118530133
LOC118530395,LOC118530395
LOC118530451,LOC118530451
LOC118530551,LOC118530551
LOC118530558,LOC118530558
LOC118530604,LOC118530604
LOC118530642,LOC118530642
LOC118530646,LOC118530646
LOC118530802,LOC118530802
LOC118530833,LOC118530833
LOC118530903,LOC118530903
LOC118530929,LOC118530929
LOC118531059,LOC118531059
LOC118531080,LOC118531080
LOC118531142,LOC118531142
LOC118531151,LOC118531151
LOC118531178,LOC118531178
LOC118531179,LOC118531179
LOC118531296,LOC118531296
LOC118531308,LOC118531308
LOC118531498,LOC118531498
LOC118531508,LOC118531508
LOC118531605,LOC118531605
LOC118531641,LOC118531641
LOC118531953,LOC118531953
LOC118532000,LOC118532000
LOC118532144,LOC118532144
LOC118532260,LOC118532260
LOC118532349,LOC118532349
LOC118532351,LOC118532351
LOC118532526,LOC118532526
LOC118532528,LOC118532528
LOC118532535,LOC118532535
LOC118532610,LOC118532610
LOC118532745,LOC118532745
LOC118533011,LOC118533011
LOC118533433,LOC118533433
LOC118533506,LOC118533506
LOC118533619,LOC118533619
LOC118533628,LOC118533628
LOC118533714,LOC118533714
LOC118534119,LOC118534119
LOC118534144,LOC118534144
LOC118534288,LOC118534288
LOC118534395,LOC118534395
LOC118534568,LOC118534568
LOC118534575,LOC118534575
LOC118534625,LOC118534625
LOC118534707,LOC118534707
LOC118534775,LOC118534775
LOC118534800,LOC118534800
LOC118534985,LOC118534985
LOC118535067,LOC118535067
LOC118535073,LOC118535073
LOC118535169,LOC118535169
LOC118535276,LOC118535276
LOC118535299,LOC118535299
LOC118535398,LOC118535398
LOC118535463,LOC118535463
LOC118535490,LOC118535490
LOC118535609,LOC118535609
LOC118535696,LOC118535696
LOC118535707,LOC118535707
LOC118535767,LOC118535767
LOC118535903,LOC118535903
LOC118536010,LOC118536010
LOC118536061,LOC118536061
LOC118536173,LOC118536173
LOC118536207,LOC118536207
LOC118536208,LOC118536208
LOC118536253,LOC118536253
LOC118536287,LOC118536287
LOC118536355,LOC118536355
LOC118536477,LOC118536477
LOC118536492,LOC118536492
LOC118536566,LOC118536566
LOC118536658,LOC118536658
LOC118536869,LOC118536869
LOC118536875,LOC118536875
LOC118536902,LOC118536902
LOC118536938,LOC118536938
LOC118537072,LOC118537072
LOC118537135,LOC118537135
LOC118537186,LOC118537186
LOC118537237,LOC118537237
LOC118537489,LOC118537489
LOC118537490,LOC118537490
LOC118537513,LOC118537513
LOC118537517,LOC118537517
LOC118537775,LOC118537775
LOC118537777,LOC118537777
LOC118537782,LOC118537782
LOC118537834,LOC118537834
LOC118537905,LOC118537905
LOC118537906,LOC118537906
LOC118537911,LOC118537911
LOC118537991,LOC118537991
LOC118538049,LOC118538049
LOC118538203,LOC118538203
LOC118538362,LOC118538362
LOC118538552,LOC118538552
LOC118538778,LOC118538778
LOC118538780,LOC118538780
LOC118538874,LOC118538874
LOC118538956,LOC118538956
LOC118538980,LOC118538980
LOC118538999,LOC118538999
LOC118539210,LOC118539210
LOC118539276,LOC118539276
LOC118539360,LOC118539360
LOC118539554,LOC118539554
LOC118539575,LOC118539575
LOC118539583,LOC118539583
LOC118539841,LOC118539841
LOC118539943,LOC118539943
LOC118539953,LOC118539953
LOC118540136,LOC118540136
LOC118540245,LOC118540245
LOC118540456,LOC118540456
LOC118540640,LOC118540640
LOC118540652,LOC118540652
LOC118540761,LOC118540761
LOC118540863,LOC118540863
LOC118540931,LOC118540931
LOC118541015,LOC118541015
LOC118541176,LOC118541176
LOC118541186,LOC118541186
LOC118541199,LOC118541199
LOC118541535,LOC118541535
LOC118541650,LOC118541650
LOC118541820,LOC118541820
LOC118541912,LOC118541912
LOC118541943,LOC118541943
LOC118542168,LOC118542168
LOC118542332,LOC118542332
LOC118542388,LOC118542388
LOC118542442,LOC118542442
LOC118542522,LOC118542522
LOC118542594,LOC118542594
LOC118542607,LOC118542607
LOC118542628,LOC118542628
LOC118542658,LOC118542658
LOC118542744,LOC118542744
LOC118542910,LOC118542910
LOC118542911,LOC118542911
LOC118542922,LOC118542922
LOC118543048,LOC118543048
LOC118543075,LOC118543075
LOC118543104,LOC118543104
LOC118543278,LOC118543278
LOC118543293,LOC118543293
LOC118543555,LOC118543555
LOC118543707,LOC118543707
LOC118543782,LOC118543782
LOC118543934,LOC118543934
LOC118543956,LOC118543956
LOC118544058,LOC118544058
LOC118544129,LOC118544129
LOC118544131,LOC118544131
LOC118544188,LOC118544188
LOC118544402,LOC118544402
LOC118544470,LOC118544470
LOC118544630,LOC118544630
LOC118544631,LOC118544631
LOC118544658,LOC118544658
LOC118544763,LOC118544763
LOC118544948,LOC118544948
LOC118544969,LOC118544969
LOC118544999,LOC118544999
LOC118545026,LOC118545026
LOC118545028,LOC118545028
LOC118545136,LOC118545136
LOC118545140,LOC118545140
LOC118545154,LOC118545154
LOC118545157,LOC118545157
LOC118545213,LOC118545213
LOC118545245,LOC118545245
LOC118545282,LOC118545282
LOC118545320,LOC118545320
LOC118545359,LOC118545359
LOC118545382,LOC118545382
LOC118545460,LOC118545460
LOC118545534,LOC118545534
LOC118545607,LOC118545607
LOC118545699,LOC118545699
LOC118545738,LOC118545738
LOC118545779,LOC118545779
LOC118546003,LOC118546003
LOC118546164,LOC118546164
LOC118546211,LOC118546211
LOC118546927,LOC118546927
LOC118546941,LOC118546941
LOC118547070,LOC118547070
LOC118547153,LOC118547153
LOC118547192,LOC118547192
LOC118547195,LOC118547195
LOC118547360,LOC118547360
LOC118547361,LOC118547361
LOC118547363,LOC118547363
LOC118547425,LOC118547425
LOC118547482,LOC118547482
LOC118547600,LOC118547600
LOC118547624,LOC118547624
LOC118547692,LOC118547692
LOC118547776,LOC118547776
LOC118547837,LOC118547837
LOC118547933,LOC118547933
LOC118547989,LOC118547989
LOC118548108,LOC118548108
LOC118548284,LOC118548284
LOC118548302,LOC118548302
LOC118548405,LOC118548405
LOC118548443,LOC118548443
LOC118548444,LOC118548444
LOC118548581,LOC118548581
LOC118548592,LOC118548592
LOC118548721,LOC118548721
LOC118549036,LOC118549036
LOC118549236,LOC118549236
LOC118549319,LOC118549319
LOC118549433,LOC118549433
LOC118549572,LOC118549572
LOC118549591,LOC118549591
LOC118549643,LOC118549643
LOC118549866,LOC118549866
LOC118549921,LOC118549921
LOC118549948,LOC118549948
LOC118549992,LOC118549992
LOC118550212,LOC118550212
LOC118550307,LOC118550307
LOC118550428,LOC118550428
LOC118550465,LOC118550465
LOC118550617,LOC118550617
LOC118550658,LOC118550658
LOC118550966,LOC118550966
LOC118551018,LOC118551018
LOC118551133,LOC118551133
LOC118551255,LOC118551255
LOC118551272,LOC118551272
LOC118551527,LOC118551527
LOC118551593,LOC118551593
LOC118551639,LOC118551639
LOC118551829,LOC118551829
LOC118551946,LOC118551946
LOC118552037,LOC118552037
LOC118552201,LOC118552201
LOC118552207,LOC118552207
LOC118552209,LOC118552209
LOC118552251,LOC118552251
LOC118552407,LOC118552407
LOC118552455,LOC118552455
LOC118552456,LOC118552456
LOC118552550,LOC118552550
LOC118552605,LOC118552605
LOC118552721,LOC118552721
LOC118552749,LOC118552749
LOC118552768,LOC118552768
LOC118552831,LOC118552831
LOC118552865,LOC118552865
LOC118552902,LOC118552902
LOC118552940,LOC118552940
LOC118552970,LOC118552970
LOC118553000,LOC118553000
LOC118553017,LOC118553017
LOC118553022,LOC118553022
LOC118553080,LOC118553080
LOC118553150,LOC118553150
LOC118553175,LOC118553175
LOC118553296,LOC118553296
LOC118553386,LOC118553386
LOC118553534,LOC118553534
LOC118553546,LOC118553546
LOC118553638,LOC118553638
LOC118553661,LOC118553661
LOC118553673,LOC118553673
LOC118553772,LOC118553772
LOC118553832,LOC118553832
LOC118554310,LOC118554310
LOC118554377,LOC118554377
LOC118554459,LOC118554459
LOC118554489,LOC118554489
LOC118554538,LOC118554538
LOC118554659,LOC118554659
LOC118554755,LOC118554755
LOC118554785,LOC118554785
LOC118554793,LOC118554793
LOC118554894,LOC118554894
LOC118554903,LOC118554903
LOC118554957,LOC118554957
LOC118555449,LOC118555449
LOC118555501,LOC118555501
LOC118555510,LOC118555510
LOC118555609,LOC118555609
LOC118555745,LOC118555745
LOC118555871,LOC118555871
LOC118555888,LOC118555888
